Brnd_Name,Gnrc_Name,HCPCS_Cd,HCPCS_Desc,Year,Tot_Benes,Tot_Clms,Tot_Spndng,Avg_Spnd_Per_Bene,Avg_Spnd_Per_Clm,Year_Value
HYPERHEP B*,HEPATITIS B IMMUNE GLOBULIN*,90371,HEP B IG IM,2025 (Q1-Q4),42.0,82,58578.82,1394.7338095,714.37585366,2025
HYPERHEP B*,HEPATITIS B IMMUNE GLOBULIN*,90371,HEP B IG IM,2026 (Q1),19.0,28,24281.06,1277.9505263,867.18071429,2026
HYPERRAB,RABIES IMMUNE GLOBULIN,90375,RABIES IG IM/SC,2025 (Q1-Q4),4205.0,4219,11965232.66,2845.4774459,2836.0352358,2025
HYPERRAB,RABIES IMMUNE GLOBULIN,90375,RABIES IG IM/SC,2026 (Q1),681.0,686,2000953.12,2938.2571512,2916.8412828,2026
KEDRAB,RABIES IMMUNE GLOBULIN,90377,RABIES IG HT&SOL HUMAN IM/SC,2025 (Q1-Q4),1271.0,1273,3020777.33,2376.6934146,2372.9594108,2025
KEDRAB,RABIES IMMUNE GLOBULIN,90377,RABIES IG HT&SOL HUMAN IM/SC,2026 (Q1),253.0,253,641825.05,2536.8579051,2536.8579051,2026
BCG (TICE STRAIN)(90586),BCG LIVE,90586,BCG VACCINE INTRAVESICAL,2026 (Q1),600.5,15,2420.5,605.10741214,161.36666667,2026
HAVRIX*,HEPATITIS A VIRUS VACCINE*,90632,HEPA VACCINE ADULT IM,2025 (Q1-Q4),74.0,79,5685.76,76.834594595,71.97164557,2025
HAVRIX*,HEPATITIS A VIRUS VACCINE*,90632,HEPA VACCINE ADULT IM,2026 (Q1),14.0,14,1010.81,72.200714286,72.200714286,2026
FLUAD  *,FLU VACC TS (65UP)*,90653,IIV ADJUVANT VACCINE IM,2025 (Q1-Q4),3947980.0,4000376,370327131.36,93.801673604,92.57308097,2025
FLUAD  *,FLU VACC TS (65UP)*,90653,IIV ADJUVANT VACCINE IM,2026 (Q1),164480.0,164538,15015122.43,91.288438898,91.256259526,2026
AFLURIA   (3YR UP)*,FLU VACC TS  36MOS UP*,90656,IIV3 VACC NO PRSV 0.5 ML IM,2025 (Q1-Q4),646313.0,657532,15583318.15,24.1111012,23.69971066,2025
AFLURIA   (3YR UP)*,FLU VACC TS  36MOS UP*,90656,IIV3 VACC NO PRSV 0.5 ML IM,2026 (Q1),60513.0,60542,1395564.71,23.062229769,23.051182815,2026
AFLURIA  (90657)*,FLU VACC TS   (6 MOS UP)*,90657,IIV3 VACCINE SPLT 0.25 ML IM,2025 (Q1-Q4),776.0,778,35366.85,45.575837629,45.458676093,2025
AFLURIA  (90657)*,FLU VACC TS   (6 MOS UP)*,90657,IIV3 VACCINE SPLT 0.25 ML IM,2026 (Q1),25.0,25,440.18,17.6072,17.6072,2026
AFLURIA  (90658)*,FLU VACC TS   (6 MOS UP)*,90658,IIV3 VACCINE SPLT 0.5 ML IM,2025 (Q1-Q4),58134.0,58755,1859320.38,31.983355351,31.64531325,2025
AFLURIA  (90658)*,FLU VACC TS   (6 MOS UP)*,90658,IIV3 VACCINE SPLT 0.5 ML IM,2026 (Q1),2465.0,2467,65910.77,26.738649087,26.716972031,2026
FLUMIST  *,FLU VACC TV LIVE  (2-49YRS)*,90660,LAIV3 VACCINE INTRANASAL,2025 (Q1-Q4),138.0,138,3701.61,26.82326087,26.82326087,2025
FLUCELVAX  *,FLU VAC TS   (6MS UP) CELL*,90661,CCIIV3 VACCINE NO PRSC 0.5ML IM,2025 (Q1-Q4),402126.0,407803,18841189.03,46.853943863,46.201693048,2025
FLUCELVAX  *,FLU VAC TS   (6MS UP) CELL*,90661,CCIIV3 VACCINE NO PRSC 0.5ML IM,2026 (Q1),29534.0,29549,1400982.73,47.436267691,47.412187553,2026
FLUZONE HIGH-DOSE  *,FLU VACC TS (65YR UP)*,90662,IIV NO PRSV INCREASED AG IM,2025 (Q1-Q4),7177700.0,7308222,678918255.86,94.587159656,92.897869805,2025
FLUZONE HIGH-DOSE  *,FLU VACC TS (65YR UP)*,90662,IIV NO PRSV INCREASED AG IM,2026 (Q1),321279.0,321400,29639646.46,92.255162833,92.220430802,2026
PREVNAR 13,PNEUMOC 13-VAL CONJ-DIP CRM,90670,PCV13 VACCINE IM,2025 (Q1-Q4),5871.0,5939,1361798.71,231.95345086,229.29764438,2025
PREVNAR 13,PNEUMOC 13-VAL CONJ-DIP CRM,90670,PCV13 VACCINE IM,2026 (Q1),338.0,342,75977.34,224.78502959,222.15596491,2026
VAXNEUVANCE,PNEUMOC 15-VAL CONJ-DIP CRM,90671,PCV15 VACCINE IM,2025 (Q1-Q4),5349.0,5483,1299169.41,242.88080202,236.94499544,2025
VAXNEUVANCE,PNEUMOC 15-VAL CONJ-DIP CRM,90671,PCV15 VACCINE IM,2026 (Q1),614.0,617,149367.08,243.26885993,242.08602917,2026
FLUBLOK  *,FLU VAC TV  (9 YR UP)RCM*,90673,RIV3 VACCINE NO PRESERV IM,2025 (Q1-Q4),393197.0,398067,34648295.85,88.119430845,87.041367031,2025
FLUBLOK  *,FLU VAC TV  (9 YR UP)RCM*,90673,RIV3 VACCINE NO PRESERV IM,2026 (Q1),26351.0,26354,2269449.67,86.123853744,86.11404986,2026
IMOVAX RABIES VACCINE*,"RABIES VACC, HUMAN DIPLOID*",90675,RABIES VACCINE IM,2025 (Q1-Q4),7157.0,21052,6871571.5,960.11897443,326.40943853,2025
IMOVAX RABIES VACCINE*,"RABIES VACC, HUMAN DIPLOID*",90675,RABIES VACCINE IM,2026 (Q1),1459.0,3634,1206161.34,826.70413982,331.91011007,2026
PREVNAR 20,PNEUMOC 20-VAL CONJ-DIP CRM,90677,PCV20 VACCINE IM,2025 (Q1-Q4),1456867.0,1469884,431491344.08,296.17758112,293.55469144,2025
PREVNAR 20,PNEUMOC 20-VAL CONJ-DIP CRM,90677,PCV20 VACCINE IM,2026 (Q1),225085.0,225730,66897446.05,297.20970322,296.36045741,2026
CAPVAXIVE,PNEUMOC 21-VAL CONJ-DIP CRM,90684,PCV21 VACCINE IM,2025 (Q1-Q4),545441.0,547646,172536210.72,316.32424171,315.05061796,2025
CAPVAXIVE,PNEUMOC 21-VAL CONJ-DIP CRM,90684,PCV21 VACCINE IM,2026 (Q1),110158.0,110351,36180475.82,328.4416549,327.86722205,2026
TDVAX*,"TETANUS, DIPHTHERIA TOX,ADULT*",90714,TD VACC NO PRESV 7 YRS+ IM,2025 (Q1-Q4),45324.0,45412,1566677.76,34.566184803,34.499201973,2025
TDVAX*,"TETANUS, DIPHTHERIA TOX,ADULT*",90714,TD VACC NO PRESV 7 YRS+ IM,2026 (Q1),7412.0,7419,282899.64,38.167787372,38.131775172,2026
ADACEL TDAP*,"DIPH,PERTUSS(ACELL),TET VAC*",90715,TDAP VACCINE 7 YRS/> IM,2025 (Q1-Q4),98405.0,98569,3792813.61,38.54289528,38.478767259,2025
ADACEL TDAP*,"DIPH,PERTUSS(ACELL),TET VAC*",90715,TDAP VACCINE 7 YRS/> IM,2026 (Q1),16964.0,16971,664291.04,39.158868191,39.142716399,2026
PNEUMOVAX 23,PNEUMOCOCCAL 23-VAL P-SAC VAC,90732,PPSV23 VACC 2 YRS+ SUBQ/IM,2025 (Q1-Q4),54703.0,55016,7402464.35,135.32099428,134.55111877,2025
PNEUMOVAX 23,PNEUMOCOCCAL 23-VAL P-SAC VAC,90732,PPSV23 VACC 2 YRS+ SUBQ/IM,2026 (Q1),7698.0,7718,1088284.55,141.37237594,141.00603136,2026
HEPLISAV-B,HEPATITIS B VACCINE,90739,HEPB VACC 2 DOSE ADULT IM,2025 (Q1-Q4),94304.0,158233,26719281.26,283.33136728,168.86035947,2025
HEPLISAV-B,HEPATITIS B VACCINE,90739,HEPB VACC 2 DOSE ADULT IM,2026 (Q1),45432.0,54586,9366214.67,206.15897759,171.58638973,2026
ENGERIX-B ADULT(90740)*,HEPATITIS B VIRUS VACCINE*,90740,HEPB VACC 3 DOSE IMMUNSUP IM,2025 (Q1-Q4),1839.0,3142,491286.38,267.14865688,156.36103756,2025
ENGERIX-B ADULT(90740)*,HEPATITIS B VIRUS VACCINE*,90740,HEPB VACC 3 DOSE IMMUNSUP IM,2026 (Q1),598.0,724,122106.39,204.19128763,168.65523481,2026
RECOMBIVAX HB,HEPATITIS B VIRUS VACCINE,90743,"HEP B VACC, ADOL, 2 DOSE, IM",2025 (Q1-Q4),104.0,117,6784.96,65.24,57.991111111,2025
RECOMBIVAX HB,HEPATITIS B VIRUS VACCINE,90743,"HEP B VACC, ADOL, 2 DOSE, IM",2026 (Q1),27.0,27,1676.34,62.086666667,62.086666667,2026
ENGERIX-B PEDIATRIC-ADOLESCENT*,HEPATITIS B VIRUS VACCINE*,90744,HEPB VACC 3 DOSE PED/ADOL IM,2025 (Q1-Q4),300.0,364,16325.16,54.4172,44.849340659,2025
ENGERIX-B PEDIATRIC-ADOLESCENT*,HEPATITIS B VIRUS VACCINE*,90744,HEPB VACC 3 DOSE PED/ADOL IM,2026 (Q1),64.0,68,3210.66,50.1665625,47.215588235,2026
ENGERIX-B ADULT(90746)*,HEPATITIS B VIRUS VACCINE*,90746,HEPB VACCINE 3 DOSE ADULT IM,2025 (Q1-Q4),35247.0,52012,3680049.79,104.40746134,70.753860455,2025
ENGERIX-B ADULT(90746)*,HEPATITIS B VIRUS VACCINE*,90746,HEPB VACCINE 3 DOSE ADULT IM,2026 (Q1),11258.0,12582,947946.79,84.202059869,75.341502941,2026
ENGERIX-B ADULT(90747)*,HEPATITIS B VIRUS VACCINE*,90747,HEPB VACC 4 DOSE IMMUNSUP IM,2025 (Q1-Q4),20972.0,43282,6187645.97,295.04319903,142.96118409,2025
ENGERIX-B ADULT(90747)*,HEPATITIS B VIRUS VACCINE*,90747,HEPB VACC 4 DOSE IMMUNSUP IM,2026 (Q1),5412.0,6808,1160521.02,214.43477827,170.46430964,2026
PREHEVBRIO,"HEPATITIS B VIRUS VAC S,M,L",90759,HEP B VAC 3AG 10MCG 3 DOS IM,2025 (Q1-Q4),78.0,101,7553.86,96.844358974,74.790693069,2025
NOVAVAX COVID   (EUA)*,COVID VAC   XBB.1.5*,91304,SARSCOV2 VAC 5MCG/0.5ML IM,2025 (Q1-Q4),47599.0,49505,8844689.87,185.81671611,178.66255671,2025
NOVAVAX COVID   (EUA)*,COVID VAC   XBB.1.5*,91304,SARSCOV2 VAC 5MCG/0.5ML IM,2026 (Q1),6125.0,6132,1108099.83,180.91425796,180.70773483,2026
PFIZER COVID   (6M-4Y)EUA*,COVID VAC  (6MO-4Y)RAXT*,91318,SARSCOV2 VAC 3MCG TRS-SUC IM,2025 (Q1-Q4),1157.0,1340,143897.77,124.37145203,107.38639552,2025
PFIZER COVID   (6M-4Y)EUA*,COVID VAC  (6MO-4Y)RAXT*,91318,SARSCOV2 VAC 3MCG TRS-SUC IM,2026 (Q1),95.0,95,7352.17,77.391263158,77.391263158,2026
COMIRNATY  (5-11Y)*,COVID VAC  (5-11Y)(PFI)*,91319,SARSCV2 VAC 10MCG TRS-SUC IM,2025 (Q1-Q4),830.0,846,72764.05,87.66753012,86.009515366,2025
COMIRNATY  (5-11Y)*,COVID VAC  (5-11Y)(PFI)*,91319,SARSCV2 VAC 10MCG TRS-SUC IM,2026 (Q1),46.0,46,3831.94,83.303043478,83.303043478,2026
COMIRNATY  *,COVID VAC  (12UP)(RAXT)*,91320,SARSCV2 VAC 30MCG TRS-SUC IM,2025 (Q1-Q4),3595378.0,4033457,646016611.91,179.67974769,160.16449708,2025
COMIRNATY  *,COVID VAC  (12UP)(RAXT)*,91320,SARSCV2 VAC 30MCG TRS-SUC IM,2026 (Q1),259396.0,259929,42064394.11,162.16284796,161.83032332,2026
MODERNA COVID  (6M-11Y)EUA*,COVID VAC  (6M-11Y)ANDU*,91321,SARSCOV2 VAC 25 MCG/.25ML IM,2025 (Q1-Q4),3175.0,3239,448338.71,141.20904252,138.41886693,2025
MODERNA COVID  (6M-11Y)EUA*,COVID VAC  (6M-11Y)ANDU*,91321,SARSCOV2 VAC 25 MCG/.25ML IM,2026 (Q1),228.0,230,30127.35,132.1375,130.98847826,2026
SPIKEVAX  *,COVID VAC  (12UP)(ANDU)*,91322,SARSCOV2 VAC 50 MCG/0.5ML IM,2025 (Q1-Q4),1441255.0,1553651,241003380.51,167.2177238,155.12066771,2025
SPIKEVAX  *,COVID VAC  (12UP)(ANDU)*,91322,SARSCOV2 VAC 50 MCG/0.5ML IM,2026 (Q1),76331.0,76644,11587662.2,151.80807536,151.1881191,2026
MNEXSPIKE   (12Y UP),COVID VAC   (12UP)(MOD),91323,SARSCOV2 VAC 10 MCG/0.2ML IM,2025 (Q1-Q4),1607077.0,1608291,317323431.84,197.45378214,197.30473642,2025
MNEXSPIKE   (12Y UP),COVID VAC   (12UP)(MOD),91323,SARSCOV2 VAC 10 MCG/0.2ML IM,2026 (Q1),127553.0,127684,25161488.16,197.26300565,197.06061965,2026
ELUCIREM*,GADOPICLENOL*,A9573,"INJ, GADOPICLENOL, 1 ML",2025 (Q1-Q4),62945.0,70812,2066010.67,32.8224747,29.175996583,2025
ELUCIREM*,GADOPICLENOL*,A9573,"INJ, GADOPICLENOL, 1 ML",2026 (Q1),22964.0,23837,647297.65,28.187495645,27.15516424,2026
CLARISCAN*,GADOTERATE MEGLUMINE*,A9575,INJ GADOTERATE MEGLUMI 0.1ML,2025 (Q1-Q4),334113.0,377032,6638322.33,19.868494581,17.606787567,2025
CLARISCAN*,GADOTERATE MEGLUMINE*,A9575,INJ GADOTERATE MEGLUMI 0.1ML,2026 (Q1),88579.0,91951,1452351.53,16.396115671,15.794842144,2026
PROHANCE MULTIPACK,GADOTERIDOL,A9576,INJ PROHANCE MULTIPACK,2025 (Q1-Q4),12924.0,14254,282576.65,21.864488548,19.824375614,2025
PROHANCE MULTIPACK,GADOTERIDOL,A9576,INJ PROHANCE MULTIPACK,2026 (Q1),3151.0,3254,69857.19,22.169847667,21.468097726,2026
MULTIHANCE,GADOBENATE DIMEGLUMINE,A9577,INJ MULTIHANCE,2025 (Q1-Q4),18962.0,20808,482909.33,25.467214956,23.207868608,2025
MULTIHANCE,GADOBENATE DIMEGLUMINE,A9577,INJ MULTIHANCE,2026 (Q1),4997.0,5179,123456.75,24.706173704,23.837951342,2026
MULTIHANCE MULTIPACK,GADOBENATE DIMEGLUMINE,A9578,INJ MULTIHANCE MULTIPACK,2025 (Q1-Q4),3368.0,3903,86119.68,25.569976247,22.064996157,2025
MULTIHANCE MULTIPACK,GADOBENATE DIMEGLUMINE,A9578,INJ MULTIHANCE MULTIPACK,2026 (Q1),577.0,598,13702.44,23.747729636,22.913779264,2026
GADOTERIDOL*,GADOTERIDOL*,A9579,"GAD-BASE MR CONTRAST NOS,1ML",2025 (Q1-Q4),41989.0,46793,1139898.32,27.147546262,24.360445366,2025
GADOTERIDOL*,GADOTERIDOL*,A9579,"GAD-BASE MR CONTRAST NOS,1ML",2026 (Q1),10413.0,10762,262047.22,25.165391338,24.349304962,2026
EOVIST,GADOXETATE DISODIUM,A9581,GADOXETATE DISODIUM INJ,2025 (Q1-Q4),8324.0,10439,1433281.21,172.18659419,137.30062362,2025
EOVIST,GADOXETATE DISODIUM,A9581,GADOXETATE DISODIUM INJ,2026 (Q1),2571.0,2602,362812.38,141.11722287,139.43596464,2026
GADAVIST*,GADOBUTROL*,A9585,GADOBUTROL INJECTION,2025 (Q1-Q4),236774.0,277968,6091990.59,25.729136603,21.916157939,2025
GADAVIST*,GADOBUTROL*,A9585,GADOBUTROL INJECTION,2026 (Q1),62471.0,65285,1462308.91,23.407803781,22.398849812,2026
CYSVIEW,HEXAMINOLEVULINATE HCL,A9589,INSTI HEXAMINOLEVULINATE HCL,2025 (Q1-Q4),159.0,207,285723.76,1797.0047799,1380.3080193,2025
CYSVIEW,HEXAMINOLEVULINATE HCL,A9589,INSTI HEXAMINOLEVULINATE HCL,2026 (Q1),61.0,61,85528.78,1402.1111475,1402.1111475,2026
XOFIGO,RADIUM-223 DICHLORIDE,A9606,RADIUM RA223 DICHLORIDE THER,2025 (Q1-Q4),667.0,2226,49034599.61,73515.141844,22028.122017,2025
XOFIGO,RADIUM-223 DICHLORIDE,A9606,RADIUM RA223 DICHLORIDE THER,2026 (Q1),212.0,392,8415158.62,39694.144434,21467.241378,2026
NUZYRA,OMADACYCLINE TOSYLATE,J0121,"INJ., OMADACYCLINE, 1 MG",2025 (Q1-Q4),401.0,8759,3783986.02,9436.3741147,432.01119078,2025
NUZYRA,OMADACYCLINE TOSYLATE,J0121,"INJ., OMADACYCLINE, 1 MG",2026 (Q1),99.0,1197,578061.37,5839.0037374,482.92512114,2026
XERAVA,ERAVACYCLINE DI-HYDROCHLORIDE,J0122,"INJ., ERAVACYCLINE, 1 MG",2025 (Q1-Q4),21.0,150,43535.94,2073.14,290.2396,2025
XERAVA,ERAVACYCLINE DI-HYDROCHLORIDE,J0122,"INJ., ERAVACYCLINE, 1 MG",2026 (Q1),18.0,136,22810.32,1267.24,167.72294118,2026
ORENCIA CLICKJECT*,ABATACEPT*,J0129,ABATACEPT INJECTION,2025 (Q1-Q4),34137.0,300246,961162292.82,28156.026974,3201.249285,2025
ORENCIA CLICKJECT*,ABATACEPT*,J0129,ABATACEPT INJECTION,2026 (Q1),27785.0,70350,228945901.43,8239.9100749,3254.3838156,2026
ACETAMINOPHEN(J0131),ACETAMINOPHEN,J0131,"INJ, ACETAMINOPHEN (NOS)",2025 (Q1-Q4),1482.0,2810,16951.7,11.438394062,6.032633452,2025
ACETAMINOPHEN(J0131),ACETAMINOPHEN,J0131,"INJ, ACETAMINOPHEN (NOS)",2026 (Q1),465.0,726,3747.94,8.0600860215,5.1624517906,2026
ACETADOTE*,ACETYLCYSTEINE*,J0132,ACETYLCYSTEINE INJECTION,2025 (Q1-Q4),131.0,471,395.24,3.0170992366,0.8391507431,2025
ACETADOTE*,ACETYLCYSTEINE*,J0132,ACETYLCYSTEINE INJECTION,2026 (Q1),600.5,21,8.67,605.10741214,0.4128571429,2026
ACYCLOVIR SODIUM,ACYCLOVIR SODIUM,J0133,ACYCLOVIR INJECTION,2025 (Q1-Q4),131.0,367,18336.9,139.97633588,49.964305177,2025
ACYCLOVIR SODIUM,ACYCLOVIR SODIUM,J0133,ACYCLOVIR INJECTION,2026 (Q1),33.0,108,14732.56,446.44121212,136.41259259,2026
ACETAMINOPHEN(J0134),ACETAMINOPHEN,J0134,INJ ACETAMINOPHEN -FRESENIUS,2025 (Q1-Q4),600.5,14,54.02,605.10741214,3.8585714286,2025
ACETAMINOPHEN(J0134),ACETAMINOPHEN,J0134,INJ ACETAMINOPHEN -FRESENIUS,2026 (Q1),600.5,12,34.54,605.10741214,2.8783333333,2026
ACETAMINOPHEN(J0136),ACETAMINOPHEN,J0136,"INJ, ACETAMINOPHEN (B BRAUN)",2025 (Q1-Q4),423.0,450,5672.55,13.410283688,12.605666667,2025
ACETAMINOPHEN(J0136),ACETAMINOPHEN,J0136,"INJ, ACETAMINOPHEN (B BRAUN)",2026 (Q1),127.0,132,1740.12,13.701732283,13.182727273,2026
COMBOGESIC IV,IBUPROFEN SODIUM,J0138,INJ ACETAMINOPH 10MG/IBU 3MG,2025 (Q1-Q4),404.0,410,9372.27,23.198688119,22.859195122,2025
COMBOGESIC IV,IBUPROFEN SODIUM,J0138,INJ ACETAMINOPH 10MG/IBU 3MG,2026 (Q1),22.0,23,209.95,9.5431818182,9.1282608696,2026
ADENOSINE,ADENOSINE,J0153,ADENOSINE INJ 1MG,2025 (Q1-Q4),6962.0,7029,153416.88,22.036322896,21.826274008,2025
ADENOSINE,ADENOSINE,J0153,ADENOSINE INJ 1MG,2026 (Q1),1400.0,1403,40467.27,28.905192857,28.843385602,2026
ADRENALIN(J0165)*,EPINEPHRINE*,J0165,INJ EPINEPHRINE NOS 0.1 MG,2025 (Q1-Q4),427.0,448,1015.76,2.3788290398,2.2673214286,2025
ADRENALIN(J0165)*,EPINEPHRINE*,J0165,INJ EPINEPHRINE NOS 0.1 MG,2026 (Q1),140.0,152,164.81,1.1772142857,1.0842763158,2026
EPINEPHRINE,EPINEPHRINE,J0166,INJ EPINEPHRINE (BPI),2025 (Q1-Q4),48.0,48,417.15,8.690625,8.690625,2025
EPINEPHRINE,EPINEPHRINE,J0166,INJ EPINEPHRINE (BPI),2026 (Q1),24.0,24,125.51,5.2295833333,5.2295833333,2026
ADRENALIN(J0169),EPINEPHRINE,J0169,INJ EPINEPHRINE (ADRENALIN),2025 (Q1-Q4),340.0,359,4431.72,13.034470588,12.344623955,2025
ADRENALIN(J0169),EPINEPHRINE,J0169,INJ EPINEPHRINE (ADRENALIN),2026 (Q1),179.0,184,1577.72,8.8140782123,8.5745652174,2026
ADRENALIN(J0171)*,EPINEPHRINE*,J0171,ADRENALIN EPINEPHRINE INJECT,2025 (Q1-Q4),1088.0,1211,6417.5,5.8984375,5.2993393889,2025
"INJ, EPINEPHRINE (BELCHER)**",,J0173,"INJ, EPINEPHRINE (BELCHER)",2025 (Q1-Q4),17.0,18,178.0,10.470588235,9.8888888889,2025
LEQEMBI,LECANEMAB-IRMB,J0174,"INJ, LECANEMAB-IRMB, 1 MG",2025 (Q1-Q4),14029.0,185877,194527626.68,13866.107825,1046.5395217,2025
LEQEMBI,LECANEMAB-IRMB,J0174,"INJ, LECANEMAB-IRMB, 1 MG",2026 (Q1),12876.0,52011,54324160.85,4219.0246078,1044.4744544,2026
KISUNLA,DONANEMAB-AZBT,J0175,"INJ, DONANEMAB-AZBT, 2 MG",2025 (Q1-Q4),9993.0,55721,125208054.77,12529.57618,2247.0532612,2025
KISUNLA,DONANEMAB-AZBT,J0175,"INJ, DONANEMAB-AZBT, 2 MG",2026 (Q1),10782.0,25188,60435551.72,5605.2264626,2399.3787407,2026
EYLEA HD,AFLIBERCEPT,J0177,"INJ, AFLIBERCEPT HD, 1 MG",2025 (Q1-Q4),99161.0,379249,1140248051.1,11498.956758,3006.5947467,2025
EYLEA HD,AFLIBERCEPT,J0177,"INJ, AFLIBERCEPT HD, 1 MG",2026 (Q1),88322.0,128412,371317694.12,4204.1359358,2891.6121088,2026
EYLEA,AFLIBERCEPT,J0178,AFLIBERCEPT INJECTION,2025 (Q1-Q4),222280.0,857976,1537858048.5,6918.5623921,1792.4254857,2025
EYLEA,AFLIBERCEPT,J0178,AFLIBERCEPT INJECTION,2026 (Q1),100653.0,144294,249968952.13,2483.4724462,1732.3586021,2026
BEOVU,BROLUCIZUMAB-DBLL,J0179,"INJ, BROLUCIZUMAB-DBLL, 1 MG",2025 (Q1-Q4),1113.0,4504,10213333.7,9176.4004492,2267.6140542,2025
BEOVU,BROLUCIZUMAB-DBLL,J0179,"INJ, BROLUCIZUMAB-DBLL, 1 MG",2026 (Q1),649.0,920,2211100.23,3406.9340986,2403.3698152,2026
FABRAZYME,AGALSIDASE BETA,J0180,AGALSIDASE BETA INJECTION,2025 (Q1-Q4),198.0,3409,63997380.84,323219.09515,18773.065661,2025
FABRAZYME,AGALSIDASE BETA,J0180,AGALSIDASE BETA INJECTION,2026 (Q1),169.0,810,15281663.95,90424.047041,18866.25179,2026
CINVANTI,APREPITANT,J0185,"INJ., APREPITANT, 1 MG",2025 (Q1-Q4),39780.0,184106,43027719.93,1081.6420294,233.71166573,2025
CINVANTI,APREPITANT,J0185,"INJ., APREPITANT, 1 MG",2026 (Q1),16219.0,42275,9809039.82,604.78696714,232.0293275,2026
LEMTRADA,ALEMTUZUMAB,J0202,"INJECTION, ALEMTUZUMAB",2025 (Q1-Q4),23.0,69,1574969.94,68476.953913,22825.651304,2025
LAMZEDE,VELMANASE ALFA-TYCV,J0217,INJ VELMANASE ALFA-TYCV 1 MG,2025 (Q1-Q4),600.5,89,2544070.83,605.10741214,28585.065506,2025
LAMZEDE,VELMANASE ALFA-TYCV,J0217,INJ VELMANASE ALFA-TYCV 1 MG,2026 (Q1),600.5,33,903864.78,605.10741214,27389.841818,2026
NEXVIAZYME,AVALGLUCOSIDASE ALFA-NGPT,J0219,INJ AVAL ALFA-NQPT 4MG,2025 (Q1-Q4),107.0,1988,73888820.73,690549.72645,37167.414854,2025
NEXVIAZYME,AVALGLUCOSIDASE ALFA-NGPT,J0219,INJ AVAL ALFA-NQPT 4MG,2026 (Q1),101.0,481,18439848.57,182572.75812,38336.483514,2026
LUMIZYME,ALGLUCOSIDASE ALFA,J0221,LUMIZYME INJECTION,2025 (Q1-Q4),17.0,328,10236844.07,602167.29824,31209.890457,2025
LUMIZYME,ALGLUCOSIDASE ALFA,J0221,LUMIZYME INJECTION,2026 (Q1),14.0,68,2176855.86,155489.70429,32012.586176,2026
ONPATTRO,"PATISIRAN SODIUM,LIPID COMPLEX",J0222,"INJ., PATISIRAN, 0.1 MG",2025 (Q1-Q4),68.0,822,20874686.13,306980.67838,25394.995292,2025
ONPATTRO,"PATISIRAN SODIUM,LIPID COMPLEX",J0222,"INJ., PATISIRAN, 0.1 MG",2026 (Q1),46.0,157,4093397.38,88986.899565,26072.594777,2026
GIVLAARI,GIVOSIRAN SODIUM,J0223,INJ GIVOSIRAN 0.5 MG,2025 (Q1-Q4),53.0,453,21821123.73,411719.31566,48170.25106,2025
GIVLAARI,GIVOSIRAN SODIUM,J0223,INJ GIVOSIRAN 0.5 MG,2026 (Q1),38.0,105,4727788.18,124415.47842,45026.554095,2026
OXLUMO,LUMASIRAN SODIUM,J0224,"INJ. LUMASIRAN, 0.5 MG",2025 (Q1-Q4),600.5,34,3210379.09,605.10741214,94422.914412,2025
AMVUTTRA,VUTRISIRAN SODIUM,J0225,"INJ, VUTRISIRAN, 1 MG",2025 (Q1-Q4),2861.0,10483,772361215.12,269961.97662,73677.498342,2025
AMVUTTRA,VUTRISIRAN SODIUM,J0225,"INJ, VUTRISIRAN, 1 MG",2026 (Q1),2847.0,4551,347133215.16,121929.47494,76276.25031,2026
VEKLURY,REMDESIVIR,J0248,"INJ, REMDESIVIR, 1 MG",2025 (Q1-Q4),2422.0,4483,4930973.12,2035.9096284,1099.9270845,2025
VEKLURY,REMDESIVIR,J0248,"INJ, REMDESIVIR, 1 MG",2026 (Q1),323.0,604,659441.55,2041.6147059,1091.7906457,2026
ARALAST NP*,ALPHA-1-PROTEINASE INHIBITOR*,J0256,ALPHA 1 PROTEINASE INHIBITOR,2025 (Q1-Q4),1358.0,40778,135207054.6,99563.36863,3315.6862671,2025
ARALAST NP*,ALPHA-1-PROTEINASE INHIBITOR*,J0256,ALPHA 1 PROTEINASE INHIBITOR,2026 (Q1),1196.0,9390,31722275.97,26523.642115,3378.3041502,2026
GLASSIA,ALPHA-1-PROTEINASE INHIBITOR,J0257,GLASSIA INJECTION,2025 (Q1-Q4),279.0,7978,25425559.43,91131.037384,3186.9590662,2025
GLASSIA,ALPHA-1-PROTEINASE INHIBITOR,J0257,GLASSIA INJECTION,2026 (Q1),228.0,1989,6236775.41,27354.278114,3135.6336903,2026
AMIKACIN SULFATE,AMIKACIN SULFATE,J0278,AMIKACIN SULFATE INJECTION,2025 (Q1-Q4),1644.0,4100,16958.67,10.315492701,4.1362609756,2025
AMIKACIN SULFATE,AMIKACIN SULFATE,J0278,AMIKACIN SULFATE INJECTION,2026 (Q1),411.0,865,4211.55,10.247080292,4.8688439306,2026
AMINOPHYLLINE,AMINOPHYLLINE,J0280,AMINOPHYLLIN 250 MG INJ,2025 (Q1-Q4),36018.0,36207,342177.63,9.5001840746,9.4505932554,2025
AMINOPHYLLINE,AMINOPHYLLINE,J0280,AMINOPHYLLIN 250 MG INJ,2026 (Q1),8669.0,8705,101175.7,11.670977045,11.622711086,2026
AMIODARONE HCL,AMIODARONE HCL,J0282,AMIODARONE HCL,2025 (Q1-Q4),34.0,38,1417.28,41.684705882,37.296842105,2025
AMPHOTERICIN B,AMPHOTERICIN B,J0285,AMPHOTERICIN B,2025 (Q1-Q4),54.0,118,14837.35,274.76574074,125.74025424,2025
AMPHOTERICIN B,AMPHOTERICIN B,J0285,AMPHOTERICIN B,2026 (Q1),600.5,21,1056.74,605.10741214,50.320952381,2026
ABELCET,AMPHOTERICIN B LIPID COMPLEX,J0287,AMPHOTERICIN B LIPID COMPLEX,2025 (Q1-Q4),29.0,101,5968.77,205.81965517,59.096732673,2025
AMBISOME*,AMPHOTERICIN B LIPOSOME*,J0289,AMPHOTERICIN B LIPOSOME INJ,2025 (Q1-Q4),182.0,1005,1773924.41,9746.8374176,1765.0989154,2025
AMBISOME*,AMPHOTERICIN B LIPOSOME*,J0289,AMPHOTERICIN B LIPOSOME INJ,2026 (Q1),53.0,240,311802.36,5883.0633962,1299.1765,2026
AMPICILLIN SODIUM,AMPICILLIN SODIUM,J0290,AMPICILLIN 500 MG INJ,2025 (Q1-Q4),442.0,970,4709.33,10.65459276,4.8549793814,2025
AMPICILLIN SODIUM,AMPICILLIN SODIUM,J0290,AMPICILLIN 500 MG INJ,2026 (Q1),146.0,215,832.24,5.7002739726,3.8708837209,2026
ZEMDRI,PLAZOMICIN SULFATE,J0291,"INJ., PLAZOMICIN, 5 MG",2025 (Q1-Q4),21.0,202,155966.04,7426.9542857,772.10910891,2025
ZEMDRI,PLAZOMICIN SULFATE,J0291,"INJ., PLAZOMICIN, 5 MG",2026 (Q1),600.5,33,21026.99,605.10741214,637.18151515,2026
AMPICILLIN-SULBACTAM*,AMPICILLIN SOD*,J0295,AMPICILLIN SULBACTAM 1.5 GM,2025 (Q1-Q4),577.0,986,5564.68,9.6441594454,5.6436916836,2025
AMPICILLIN-SULBACTAM*,AMPICILLIN SOD*,J0295,AMPICILLIN SULBACTAM 1.5 GM,2026 (Q1),150.0,256,1335.14,8.9009333333,5.215390625,2026
ERAXIS,ANIDULAFUNGIN,J0348,ANIDULAFUNGIN INJECTION,2025 (Q1-Q4),600.5,48,4064.87,605.10741214,84.684791667,2025
ERAXIS,ANIDULAFUNGIN,J0348,ANIDULAFUNGIN INJECTION,2026 (Q1),600.5,39,3813.87,605.10741214,97.791538462,2026
REZZAYO,REZAFUNGIN ACETATE,J0349,"INJ, REZAFUNGIN, 1 MG",2025 (Q1-Q4),245.0,1012,2873488.84,11728.525878,2839.4158498,2025
REZZAYO,REZAFUNGIN ACETATE,J0349,"INJ, REZAFUNGIN, 1 MG",2026 (Q1),104.0,281,844686.21,8121.9827885,3006.0007473,2026
HYDRALAZINE HCL,HYDRALAZINE HCL,J0360,HYDRALAZINE HCL INJECTION,2025 (Q1-Q4),640.0,699,4542.11,7.097046875,6.4980114449,2025
HYDRALAZINE HCL,HYDRALAZINE HCL,J0360,HYDRALAZINE HCL INJECTION,2026 (Q1),171.0,180,1283.14,7.5037426901,7.1285555556,2026
ABILIFY MAINTENA,ARIPIPRAZOLE,J0401,"INJ, ABILIFY MAINTENA, 1 MG",2025 (Q1-Q4),560.0,2825,5498127.87,9818.0854821,1946.239954,2025
ABILIFY MAINTENA,ARIPIPRAZOLE,J0401,"INJ, ABILIFY MAINTENA, 1 MG",2026 (Q1),310.0,670,1468990.2,4738.6780645,2192.5226866,2026
ABILIFY ASIMTUFII,ARIPIPRAZOLE,J0402,"INJ, ABILIFY ASIMTUFII, 1 MG",2025 (Q1-Q4),47.0,128,132596.89,2821.2104255,1035.9132031,2025
ABILIFY ASIMTUFII,ARIPIPRAZOLE,J0402,"INJ, ABILIFY ASIMTUFII, 1 MG",2026 (Q1),32.0,43,83911.26,2622.226875,1951.4246512,2026
AZITHROMYCIN*,AZITHROMYCIN*,J0456,AZITHROMYCIN,2025 (Q1-Q4),404.0,620,2038.45,5.0456683168,3.2878225806,2025
AZITHROMYCIN*,AZITHROMYCIN*,J0456,AZITHROMYCIN,2026 (Q1),93.0,121,419.17,4.5072043011,3.464214876,2026
AZACTAM*,AZTREONAM*,J0457,"INJECTION, AZTREONAM, 100 MG",2025 (Q1-Q4),47.0,425,41348.08,879.74638298,97.2896,2025
AZACTAM*,AZTREONAM*,J0457,"INJECTION, AZTREONAM, 100 MG",2026 (Q1),600.5,42,2019.74,605.10741214,48.089047619,2026
ATROPINE SULFATE(J0461),ATROPINE SULFATE,J0461,ATROPINE SULFATE INJECTION,2025 (Q1-Q4),8376.0,45987,186338.9,22.246764565,4.05199078,2025
ATROPINE SULFATE(J0461),ATROPINE SULFATE,J0461,ATROPINE SULFATE INJECTION,2026 (Q1),1959.0,5212,21058.87,10.749806023,4.0404585572,2026
ATROPINE SULFATE(J0462),ATROPINE SULFATE,J0462,"ATROPINE SULF, NTE, 0.01 MG",2025 (Q1-Q4),1031.0,2665,15409.78,14.946440349,5.7822814259,2025
ATROPINE SULFATE(J0462),ATROPINE SULFATE,J0462,"ATROPINE SULF, NTE, 0.01 MG",2026 (Q1),2193.0,6802,39423.58,17.977008664,5.7958806233,2026
BACLOFEN(J0475)*,BACLOFEN*,J0475,BACLOFEN 10 MG INJECTION,2025 (Q1-Q4),5992.0,18086,15622712.09,2607.2616973,863.80139832,2025
BACLOFEN(J0475)*,BACLOFEN*,J0475,BACLOFEN 10 MG INJECTION,2026 (Q1),3239.0,3893,3506792.07,1082.6773912,900.79426406,2026
BACLOFEN(J0476)*,BACLOFEN*,J0476,BACLOFEN INTRATHECAL TRIAL,2025 (Q1-Q4),18.0,28,2053.95,114.10833333,73.355357143,2025
SIMULECT,BASILIXIMAB,J0480,BASILIXIMAB,2025 (Q1-Q4),202.0,425,1969358.35,9749.2987624,4633.7843529,2025
SIMULECT,BASILIXIMAB,J0480,BASILIXIMAB,2026 (Q1),68.0,109,512723.63,7540.0533824,4703.8865138,2026
NULOJIX,BELATACEPT,J0485,BELATACEPT INJECTION,2025 (Q1-Q4),7619.0,67863,138258392.9,18146.527484,2037.3162533,2025
NULOJIX,BELATACEPT,J0485,BELATACEPT INJECTION,2026 (Q1),6411.0,17290,34952242.07,5451.9173405,2021.5293274,2026
BENLYSTA,BELIMUMAB,J0490,BELIMUMAB INJECTION,2025 (Q1-Q4),3881.0,32650,139883286.03,36043.103847,4284.3272904,2025
BENLYSTA,BELIMUMAB,J0490,BELIMUMAB INJECTION,2026 (Q1),3025.0,7491,32828076.65,10852.256744,4382.3356895,2026
SAPHNELO,ANIFROLUMAB-FNIA,J0491,INJ ANIFROLUMAB-FNIA 1MG,2025 (Q1-Q4),2283.0,16680,86770369.49,38007.170166,5202.060521,2025
SAPHNELO,ANIFROLUMAB-FNIA,J0491,INJ ANIFROLUMAB-FNIA 1MG,2026 (Q1),1822.0,4352,23213663.0,12740.759056,5334.021829,2026
BENTYL*,DICYCLOMINE HCL*,J0500,DICYCLOMINE INJECTION,2025 (Q1-Q4),82.0,83,995.41,12.139146341,11.992891566,2025
BENTYL*,DICYCLOMINE HCL*,J0500,DICYCLOMINE INJECTION,2026 (Q1),20.0,21,265.01,13.2505,12.61952381,2026
BENZTROPINE MESYLATE,BENZTROPINE MESYLATE,J0515,INJ BENZTROPINE MESYLATE,2025 (Q1-Q4),600.5,78,2062.8,605.10741214,26.446153846,2025
BENZTROPINE MESYLATE,BENZTROPINE MESYLATE,J0515,INJ BENZTROPINE MESYLATE,2026 (Q1),600.5,19,656.4,605.10741214,34.547368421,2026
FASENRA PEN*,BENRALIZUMAB*,J0517,"INJ., BENRALIZUMAB, 1 MG",2025 (Q1-Q4),10424.0,53039,251303330.17,24108.14756,4738.0857514,2025
FASENRA PEN*,BENRALIZUMAB*,J0517,"INJ., BENRALIZUMAB, 1 MG",2026 (Q1),7871.0,12132,57384844.6,7290.6675899,4730.0399439,2026
BICILLIN C-R,PEN G BENZ,J0558,PENG BENZATHINE/PROCAINE INJ,2025 (Q1-Q4),56.0,74,5235.1,93.483928571,70.744594595,2025
BICILLIN C-R,PEN G BENZ,J0558,PENG BENZATHINE/PROCAINE INJ,2026 (Q1),600.5,13,1708.46,605.10741214,131.42,2026
BICILLIN L-A,PENICILLIN G BENZATHINE,J0561,PENICILLIN G BENZATHINE INJ,2025 (Q1-Q4),2719.0,4655,2308876.23,849.1637477,495.99919012,2025
BICILLIN L-A,PENICILLIN G BENZATHINE,J0561,PENICILLIN G BENZATHINE INJ,2026 (Q1),405.0,610,356764.49,880.89997531,584.85981967,2026
ZINPLAVA,BEZLOTOXUMAB,J0565,"INJ, BEZLOTOXUMAB, 10 MG",2025 (Q1-Q4),384.0,385,1449306.15,3774.2347656,3764.4315584,2025
ZINPLAVA,BEZLOTOXUMAB,J0565,"INJ, BEZLOTOXUMAB, 10 MG",2026 (Q1),13.0,13,36741.77,2826.29,2826.29,2026
BRIXADI(J0577),BUPRENORPHINE,J0577,"INJ, BRIXADI, 7 DAYS OR LESS",2025 (Q1-Q4),35.0,66,17997.28,514.208,272.68606061,2025
BRIXADI(J0577),BUPRENORPHINE,J0577,"INJ, BRIXADI, 7 DAYS OR LESS",2026 (Q1),17.0,29,9578.77,563.45705882,330.30241379,2026
BRIXADI(J0578),BUPRENORPHINE,J0578,"INJ BRIXADI, MORE THAN 7 DAY",2025 (Q1-Q4),110.0,466,584407.76,5312.7978182,1254.0939056,2025
BRIXADI(J0578),BUPRENORPHINE,J0578,"INJ BRIXADI, MORE THAN 7 DAY",2026 (Q1),84.0,160,220889.72,2629.6395238,1380.56075,2026
CRYSVITA,BUROSUMAB-TWZA,J0584,"INJECTION, BUROSUMAB-TWZA 1M",2025 (Q1-Q4),86.0,854,25517057.63,296709.97244,29879.458583,2025
CRYSVITA,BUROSUMAB-TWZA,J0584,"INJECTION, BUROSUMAB-TWZA 1M",2026 (Q1),78.0,203,6303328.88,80811.908718,31050.881182,2026
BOTOX COSMETIC*,ONABOTULINUMTOXINA*,J0585,"INJECTION,ONABOTULINUMTOXINA",2025 (Q1-Q4),181386.0,444264,527969315.93,2910.7500906,1188.4134567,2025
BOTOX COSMETIC*,ONABOTULINUMTOXINA*,J0585,"INJECTION,ONABOTULINUMTOXINA",2026 (Q1),101212.0,104273,126150244.39,1246.3961229,1209.8073748,2026
DYSPORT,ABOBOTULINUMTOXINA,J0586,ABOBOTULINUMTOXINA,2025 (Q1-Q4),4524.0,10908,16641029.28,3678.388435,1525.580242,2025
DYSPORT,ABOBOTULINUMTOXINA,J0586,ABOBOTULINUMTOXINA,2026 (Q1),2657.0,2683,4156671.77,1564.4229469,1549.2626798,2026
MYOBLOC,RIMABOTULINUMTOXINB,J0587,"INJ, RIMABOTULINUMTOXINB",2025 (Q1-Q4),2757.0,5848,6447090.43,2338.4441168,1102.443644,2025
MYOBLOC,RIMABOTULINUMTOXINB,J0587,"INJ, RIMABOTULINUMTOXINB",2026 (Q1),1351.0,1378,1326276.51,981.69985936,962.46481132,2026
XEOMIN,INCOBOTULINUMTOXINA,J0588,INCOBOTULINUMTOXIN A,2025 (Q1-Q4),14071.0,34190,33786690.67,2401.1577479,988.20388037,2025
XEOMIN,INCOBOTULINUMTOXINA,J0588,INCOBOTULINUMTOXIN A,2026 (Q1),8035.0,8272,8119455.11,1010.5109035,981.55888661,2026
DAXXIFY,DAXIBOTULINUMTOXINA-LANM,J0589,INJ DAXIBOTULINUMTOXINA-LANM,2025 (Q1-Q4),772.0,1511,1114146.92,1443.1954922,737.35732627,2025
DAXXIFY,DAXIBOTULINUMTOXINA-LANM,J0589,INJ DAXIBOTULINUMTOXINA-LANM,2026 (Q1),400.0,404,269667.88,674.1697,667.49475248,2026
BUPRENORPHINE HCL,BUPRENORPHINE HCL,J0592,BUPRENORPHINE HYDROCHLORIDE,2025 (Q1-Q4),35.0,41,176.82,5.052,4.3126829268,2025
BUSULFAN*,BUSULFAN*,J0594,BUSULFAN INJECTION,2025 (Q1-Q4),103.0,240,61542.7,597.50194175,256.42791667,2025
BUSULFAN*,BUSULFAN*,J0594,BUSULFAN INJECTION,2026 (Q1),27.0,68,10642.46,394.16518519,156.50676471,2026
BUTORPHANOL TARTRATE,BUTORPHANOL TARTRATE,J0595,BUTORPHANOL TARTRATE 1 MG,2025 (Q1-Q4),127.0,470,4125.74,32.486141732,8.7781702128,2025
BUTORPHANOL TARTRATE,BUTORPHANOL TARTRATE,J0595,BUTORPHANOL TARTRATE 1 MG,2026 (Q1),40.0,88,881.0,22.025,10.011363636,2026
RUCONEST,"C1 ESTERASE INHIBITOR, RECOMB",J0596,"INJECTION, RUCONEST",2025 (Q1-Q4),17.0,111,3615.84,212.69647059,32.575135135,2025
RUCONEST,"C1 ESTERASE INHIBITOR, RECOMB",J0596,"INJECTION, RUCONEST",2026 (Q1),600.5,38,15171.16,605.10741214,399.24105263,2026
BERINERT,C1 ESTERASE INHIBITOR,J0597,"C-1 ESTERASE, BERINERT",2025 (Q1-Q4),61.0,168,1640726.93,26897.162787,9766.2317262,2025
BERINERT,C1 ESTERASE INHIBITOR,J0597,"C-1 ESTERASE, BERINERT",2026 (Q1),18.0,42,461867.54,25659.307778,10996.84619,2026
CINRYZE,C1 ESTERASE INHIBITOR,J0598,"C-1 ESTERASE, CINRYZE",2025 (Q1-Q4),600.5,34,726445.63,605.10741214,21366.047941,2025
EDETATE CALCIUM DISODIUM,EDETATE CALCIUM DISODIUM,J0600,EDETATE CALCIUM DISODIUM INJ,2025 (Q1-Q4),59.0,541,1295125.46,21951.278983,2393.9472458,2025
EDETATE CALCIUM DISODIUM,EDETATE CALCIUM DISODIUM,J0600,EDETATE CALCIUM DISODIUM INJ,2026 (Q1),25.0,107,284643.06,11385.7224,2660.215514,2026
CALCIUM GLUCONATE-NACL(J0612)*,"CALCIUM GLUC IN NACL, ISO-OSM*",J0612,"INJ, CALCIUM GLUCONATE, NOS",2025 (Q1-Q4),1884.0,9029,26040.79,13.822075372,2.8841278104,2025
CALCIUM GLUCONATE-NACL(J0612)*,"CALCIUM GLUC IN NACL, ISO-OSM*",J0612,"INJ, CALCIUM GLUCONATE, NOS",2026 (Q1),746.0,2730,5230.5,7.0113941019,1.9159340659,2026
CALCIUM GLUCONATE-NACL(J0613),"CALCIUM GLUC IN NACL, ISO-OSM",J0613,CALCIUM GLUCON (WG CRITICAL),2025 (Q1-Q4),92.0,295,1173.7,12.757608696,3.9786440678,2025
CALCIUM GLUCONATE-NACL(J0613),"CALCIUM GLUC IN NACL, ISO-OSM",J0613,CALCIUM GLUCON (WG CRITICAL),2026 (Q1),21.0,42,319.51,15.214761905,7.6073809524,2026
METOPROLOL TARTRATE,METOPROLOL TARTRATE,J0616,INJ METOPROLOL TARTRATE 1 MG,2025 (Q1-Q4),1067.0,1074,1214.81,1.1385285848,1.1311080074,2025
METOPROLOL TARTRATE,METOPROLOL TARTRATE,J0616,INJ METOPROLOL TARTRATE 1 MG,2026 (Q1),664.0,666,528.23,0.7955271084,0.7931381381,2026
CALCITONIN-SALMON*,"CALCITONIN,SALMON,SYNTHETIC*",J0630,CALCITONIN SALMON INJECTION,2025 (Q1-Q4),49.0,136,1183469.92,24152.447347,8701.9847059,2025
CANCIDAS*,CASPOFUNGIN ACETATE*,J0637,CASPOFUNGIN ACETATE,2025 (Q1-Q4),13.0,52,2595.05,199.61923077,49.904807692,2025
ILARIS,CANAKINUMAB,J0638,CANAKINUMAB INJECTION,2025 (Q1-Q4),341.0,1337,34759781.05,101934.84179,25998.340352,2025
ILARIS,CANAKINUMAB,J0638,CANAKINUMAB INJECTION,2026 (Q1),237.0,399,11046219.46,46608.520928,27684.760551,2026
LEUCOVORIN CALCIUM,LEUCOVORIN CALCIUM,J0640,LEUCOVORIN CALCIUM INJECTION,2025 (Q1-Q4),13214.0,95762,4590275.29,347.37969502,47.934204486,2025
LEUCOVORIN CALCIUM,LEUCOVORIN CALCIUM,J0640,LEUCOVORIN CALCIUM INJECTION,2026 (Q1),6357.0,21924,1096728.67,172.52299355,50.024113757,2026
LEVOLEUCOVORIN CALCIUM,LEVOLEUCOVORIN CALCIUM,J0641,INJ LEVOLEUCOVORIN NOS 0.5MG,2025 (Q1-Q4),199.0,1510,32888.53,165.26899497,21.780483444,2025
LEVOLEUCOVORIN CALCIUM,LEVOLEUCOVORIN CALCIUM,J0641,INJ LEVOLEUCOVORIN NOS 0.5MG,2026 (Q1),67.0,264,6221.81,92.862835821,23.567462121,2026
KHAPZORY,LEVOLEUCOVORIN,J0642,"INJECTION, KHAPZORY, 0.5 MG",2025 (Q1-Q4),115.0,834,844444.29,7342.9938261,1012.5231295,2025
KHAPZORY,LEVOLEUCOVORIN,J0642,"INJECTION, KHAPZORY, 0.5 MG",2026 (Q1),62.0,206,235763.82,3802.6422581,1144.4845631,2026
LEVOTHYROXINE SODIUM(J0650),LEVOTHYROXINE SODIUM,J0650,"INJ, LEVOTHYROXINE NOS 10MCG",2025 (Q1-Q4),600.5,127,22850.18,605.10741214,179.92267717,2025
LEVOTHYROXINE SODIUM(J0650),LEVOTHYROXINE SODIUM,J0650,"INJ, LEVOTHYROXINE NOS 10MCG",2026 (Q1),600.5,30,3418.57,605.10741214,113.95233333,2026
LEVOTHYROXINE SODIUM(J0651),LEVOTHYROXINE SODIUM,J0651,"INJ, LEVOTHYROXINE, FRESKABI",2025 (Q1-Q4),157.0,455,160427.96,1021.8341401,352.58892308,2025
LEVOTHYROXINE SODIUM(J0651),LEVOTHYROXINE SODIUM,J0651,"INJ, LEVOTHYROXINE, FRESKABI",2026 (Q1),59.0,128,55422.74,939.36847458,432.99015625,2026
BUPIVACAINE HCL*,BUPIVACAINE HCL*,J0665,"INJ, BUPIVACAINE, NOS, 0.5MG",2025 (Q1-Q4),55247.0,89935,28099.37,0.5086134994,0.312440874,2025
BUPIVACAINE HCL*,BUPIVACAINE HCL*,J0665,"INJ, BUPIVACAINE, NOS, 0.5MG",2026 (Q1),19830.0,24071,8141.67,0.4105733737,0.3382356362,2026
EXPAREL,BUPIVACAINE LIPOSOME,J0666,"INJ, BUPIVACAINE LIPOSOME",2025 (Q1-Q4),180139.0,189600,56218088.65,312.08171828,296.50890638,2025
EXPAREL,BUPIVACAINE LIPOSOME,J0666,"INJ, BUPIVACAINE LIPOSOME",2026 (Q1),51278.0,51998,15014209.37,292.80021393,288.74590119,2026
POLOCAINE-MPF*,MEPIVACAINE HCL*,J0670,INJ MEPIVACAINE HCL/10 ML,2025 (Q1-Q4),732.0,1128,14135.36,19.310601093,12.531347518,2025
POLOCAINE-MPF*,MEPIVACAINE HCL*,J0670,INJ MEPIVACAINE HCL/10 ML,2026 (Q1),171.0,185,2057.71,12.033391813,11.122756757,2026
ZEVTERA,CEFTOBIPROLE MEDOCARIL,J0681,INJ CEFTOBIPOLE MEDOCARL 3MG,2025 (Q1-Q4),600.5,51,24154.05,605.10741214,473.60882353,2025
CEFAZOLIN SODIUM(J0687),CEFAZOLIN SODIUM,J0687,INJ CEFAZOLIN (WG CRIT CARE),2025 (Q1-Q4),1992.0,2127,8962.64,4.4993172691,4.2137470616,2025
CEFAZOLIN SODIUM(J0688),CEFAZOLIN SODIUM,J0688,"INJ CEFAZOLIN SODIUM, HIKMA",2025 (Q1-Q4),6267.0,6668,35540.85,5.6711105792,5.3300614877,2025
CEFAZOLIN SODIUM(J0688),CEFAZOLIN SODIUM,J0688,"INJ CEFAZOLIN SODIUM, HIKMA",2026 (Q1),23.0,23,69.34,3.0147826087,3.0147826087,2026
CEFAZOLIN SODIUM-DEXTROSE(J0689),CEFAZOLIN SODIUM,J0689,"INJ CEFAZOLIN SODIUM, BAXTER",2025 (Q1-Q4),13.0,13,33.6,2.5846153846,2.5846153846,2025
CEFAZOLIN SODIUM-DEXTROSE(J0690)*,CEFAZOLIN SODIUM*,J0690,CEFAZOLIN SODIUM INJECTION,2025 (Q1-Q4),15153.0,21945,104572.45,6.9011053917,4.7652061973,2025
CEFAZOLIN SODIUM-DEXTROSE(J0690)*,CEFAZOLIN SODIUM*,J0690,CEFAZOLIN SODIUM INJECTION,2026 (Q1),3618.0,4394,18024.21,4.9818159204,4.1020050068,2026
CEFEPIME HCL,CEFEPIME HCL,J0692,CEFEPIME HCL FOR INJECTION,2025 (Q1-Q4),2125.0,18282,172402.54,81.130607059,9.4301794114,2025
CEFEPIME HCL,CEFEPIME HCL,J0692,CEFEPIME HCL FOR INJECTION,2026 (Q1),584.0,4085,30324.17,51.92494863,7.4232974296,2026
CEFOXITIN SODIUM*,CEFOXITIN SODIUM*,J0694,CEFOXITIN SODIUM INJECTION,2025 (Q1-Q4),359.0,823,13687.38,38.126406685,16.631081409,2025
CEFOXITIN SODIUM*,CEFOXITIN SODIUM*,J0694,CEFOXITIN SODIUM INJECTION,2026 (Q1),71.0,170,1196.25,16.848591549,7.0367647059,2026
ZERBAXA,CEFTOLOZANE,J0695,INJ CEFTOLOZANE TAZOBACTAM,2025 (Q1-Q4),135.0,586,481471.27,3566.4538519,821.62332765,2025
ZERBAXA,CEFTOLOZANE,J0695,INJ CEFTOLOZANE TAZOBACTAM,2026 (Q1),50.0,136,112099.03,2241.9806,824.25757353,2026
CEFTRIAXONE,CEFTRIAXONE IN IS-OSM DEXTROSE,J0696,CEFTRIAXONE SODIUM INJECTION,2025 (Q1-Q4),351874.0,547063,1022578.55,2.906092948,1.8692153372,2025
CEFTRIAXONE,CEFTRIAXONE IN IS-OSM DEXTROSE,J0696,CEFTRIAXONE SODIUM INJECTION,2026 (Q1),98586.0,127950,239831.59,2.4327144828,1.8744164908,2026
CEFUROXIME SODIUM,CEFUROXIME SODIUM,J0697,STERILE CEFUROXIME INJECTION,2025 (Q1-Q4),220.0,334,741.16,3.3689090909,2.2190419162,2025
CEFUROXIME SODIUM,CEFUROXIME SODIUM,J0697,STERILE CEFUROXIME INJECTION,2026 (Q1),92.0,109,269.35,2.9277173913,2.4711009174,2026
FETROJA,CEFIDEROCOL SULFATE TOSYLATE,J0699,"INJ, CEFIDEROCOL, 10 MG",2025 (Q1-Q4),31.0,85,85880.26,2770.3309677,1010.356,2025
BETAMETHASONE SOD PHOS-ACETATE*,"BETAMETHASONE ACETATE,SOD PHOS*",J0702,BETAMETHASONE ACET&SOD PHOSP,2025 (Q1-Q4),610102.0,904776,15049214.59,24.666718991,16.633083316,2025
BETAMETHASONE SOD PHOS-ACETATE*,"BETAMETHASONE ACETATE,SOD PHOS*",J0702,BETAMETHASONE ACET&SOD PHOSP,2026 (Q1),198014.0,216212,3466397.02,17.505817871,16.032398849,2026
CEFEPIME-DEXTROSE,CEFEPIME HCL IN DEXTROSE 5 %,J0703,"INJ, CEFEPIME HCL (B BRAUN)",2025 (Q1-Q4),16.0,17,304.66,19.04125,17.921176471,2025
CEFTAROLINE FOSAMIL*,CEFTAROLINE FOSAMIL ACETATE*,J0712,CEFTAROLINE FOSAMIL INJ,2025 (Q1-Q4),89.0,443,223446.01,2510.6293258,504.3927991,2025
CEFTAROLINE FOSAMIL*,CEFTAROLINE FOSAMIL ACETATE*,J0712,CEFTAROLINE FOSAMIL INJ,2026 (Q1),22.0,122,80030.25,3637.7386364,655.98565574,2026
CEFTAZIDIME*,CEFTAZIDIME*,J0713,INJ CEFTAZIDIME PER 500 MG,2025 (Q1-Q4),2381.0,5932,51603.29,21.672948341,8.6991385705,2025
CEFTAZIDIME*,CEFTAZIDIME*,J0713,INJ CEFTAZIDIME PER 500 MG,2026 (Q1),538.0,1095,9259.98,17.211858736,8.4566027397,2026
AVYCAZ,CEFTAZIDIME,J0714,CEFTAZIDIME AND AVIBACTAM,2025 (Q1-Q4),106.0,773,579261.73,5464.7333019,749.36834411,2025
AVYCAZ,CEFTAZIDIME,J0714,CEFTAZIDIME AND AVIBACTAM,2026 (Q1),34.0,151,119697.44,3520.5129412,792.69827815,2026
CIMZIA (2 PACK)*,CERTOLIZUMAB PEGOL*,J0717,CERTOLIZUMAB PEGOL INJ 1MG,2025 (Q1-Q4),26276.0,231093,362191352.73,13784.112983,1567.2969442,2025
CIMZIA (2 PACK)*,CERTOLIZUMAB PEGOL*,J0717,CERTOLIZUMAB PEGOL INJ 1MG,2026 (Q1),20564.0,53117,79110869.43,3847.0564788,1489.3700591,2026
CHORIONIC GONADOTROPIN*,"CHORIONIC GONADOTROPIN, HUMAN*",J0725,CHORIONIC GONADOTROPIN/1000U,2025 (Q1-Q4),239.0,5949,301339.59,1260.8351046,50.653822491,2025
CHORIONIC GONADOTROPIN*,"CHORIONIC GONADOTROPIN, HUMAN*",J0725,CHORIONIC GONADOTROPIN/1000U,2026 (Q1),29.0,191,18525.7,638.81724138,96.993193717,2026
CLONIDINE HCL*,CLONIDINE HCL*,J0735,CLONIDINE HYDROCHLORIDE,2025 (Q1-Q4),675.0,1730,83344.23,123.47293333,48.175855491,2025
CLONIDINE HCL*,CLONIDINE HCL*,J0735,CLONIDINE HYDROCHLORIDE,2026 (Q1),267.0,372,17155.33,64.252172285,46.116478495,2026
CLEOCIN PHOSPHATE*,CLINDAMYCIN PHOSPHATE*,J0736,"INJ, CLINDAMYCIN PHOSP 300MG",2025 (Q1-Q4),2978.0,3499,9963.93,3.3458462055,2.8476507574,2025
CLEOCIN PHOSPHATE*,CLINDAMYCIN PHOSPHATE*,J0736,"INJ, CLINDAMYCIN PHOSP 300MG",2026 (Q1),740.0,808,2818.04,3.8081621622,3.4876732673,2026
CLINDAMYCIN-0.9% NACL,CLINDAMYCIN IN 0.9 % SOD CHLOR,J0737,"INJ, CLINDAMYCIN (BAXTER)",2025 (Q1-Q4),50.0,51,227.02,4.5404,4.451372549,2025
CLINDAMYCIN-0.9% NACL,CLINDAMYCIN IN 0.9 % SOD CHLOR,J0737,"INJ, CLINDAMYCIN (BAXTER)",2026 (Q1),14.0,14,73.78,5.27,5.27,2026
YEZTUGO(J0738),LENACAPAVIR SODIUM,J0738,"HIV PREP, INJ, LENACAPAVIR",2025 (Q1-Q4),170.0,174,1806277.79,10625.163471,10380.906839,2025
YEZTUGO(J0738),LENACAPAVIR SODIUM,J0738,"HIV PREP, INJ, LENACAPAVIR",2026 (Q1),197.0,201,2884208.69,14640.653249,14349.296965,2026
APRETUDE,CABOTEGRAVIR,J0739,"HIV PREP, INJ, CABOTEGRAVIR",2025 (Q1-Q4),858.0,3683,13297451.73,15498.19549,3610.4946321,2025
APRETUDE,CABOTEGRAVIR,J0739,"HIV PREP, INJ, CABOTEGRAVIR",2026 (Q1),622.0,959,3756997.09,6040.1882476,3917.6194891,2026
CIDOFOVIR,CIDOFOVIR,J0740,CIDOFOVIR INJECTION,2025 (Q1-Q4),276.0,1117,576771.9,2089.7532609,516.35801253,2025
CIDOFOVIR,CIDOFOVIR,J0740,CIDOFOVIR INJECTION,2026 (Q1),105.0,253,139423.33,1327.8412381,551.08035573,2026
CABENUVA,CABOTEGRAVIR,J0741,"INJ, CABOTE RILPIVIR 2MG 3MG",2025 (Q1-Q4),1104.0,3864,19415191.85,17586.224502,5024.6355719,2025
CABENUVA,CABOTEGRAVIR,J0741,"INJ, CABOTE RILPIVIR 2MG 3MG",2026 (Q1),607.0,920,5485349.11,9036.8189621,5962.3359891,2026
RECARBRIO,IMIPENEM,J0742,INJ IMIP 4 CILAS 4 RELEB 2MG,2025 (Q1-Q4),600.5,178,8549.32,605.10741214,48.02988764,2025
IMIPENEM-CILASTATIN SODIUM*,IMIPENEM*,J0743,CILASTATIN SODIUM INJECTION,2025 (Q1-Q4),62.0,1104,87636.03,1413.4843548,79.380461957,2025
IMIPENEM-CILASTATIN SODIUM*,IMIPENEM*,J0743,CILASTATIN SODIUM INJECTION,2026 (Q1),20.0,172,13137.78,656.889,76.38244186,2026
CIPROFLOXACIN-D5W,CIPROFLOXACIN IN 5 % DEXTROSE,J0744,CIPROFLOXACIN IV,2025 (Q1-Q4),605.0,743,3591.74,5.9367603306,4.8341049798,2025
CIPROFLOXACIN-D5W,CIPROFLOXACIN IN 5 % DEXTROSE,J0744,CIPROFLOXACIN IV,2026 (Q1),138.0,140,605.35,4.3865942029,4.3239285714,2026
EMTRICITABINE-TENOFOVIR DISOP*,EMTRICITABINE*,J0750,"HIV PREP, FTC/TDF 200/300MG",2025 (Q1-Q4),1865.0,6191,512779.98,274.94905094,82.826680665,2025
EMTRICITABINE-TENOFOVIR DISOP*,EMTRICITABINE*,J0750,"HIV PREP, FTC/TDF 200/300MG",2026 (Q1),1210.0,1859,118900.15,98.264586777,63.959198494,2026
DESCOVY,EMTRICITABINE,J0751,"HIV PREP, FTC/TAF 200/25MG",2025 (Q1-Q4),3080.0,16282,44679478.3,14506.324123,2744.1025857,2025
DESCOVY,EMTRICITABINE,J0751,"HIV PREP, FTC/TAF 200/25MG",2026 (Q1),2813.0,5521,15171306.82,5393.2836189,2747.9273356,2026
YEZTUGO(J0752),LENACAPAVIR SODIUM,J0752,"HIV PREP, ORAL LENACAPAVIR",2025 (Q1-Q4),167.0,171,295472.41,1769.2958683,1727.9088304,2025
YEZTUGO(J0752),LENACAPAVIR SODIUM,J0752,"HIV PREP, ORAL LENACAPAVIR",2026 (Q1),165.0,165,395699.08,2398.1762424,2398.1762424,2026
CLEVIPREX,CLEVIDIPINE BUTYRATE,J0759,"INJ, CLEVIDIPINE, 1 MG",2025 (Q1-Q4),119.0,121,17226.58,144.76117647,142.36842975,2025
CLEVIPREX,CLEVIDIPINE BUTYRATE,J0759,"INJ, CLEVIDIPINE, 1 MG",2026 (Q1),139.0,144,19234.58,138.37827338,133.57347222,2026
XIAFLEX,COLLAGENASE CLOSTRIDIUM HIST.,J0775,"COLLAGENASE, CLOST HIST INJ",2025 (Q1-Q4),6840.0,12391,83341103.47,12184.371852,6725.938461,2025
XIAFLEX,COLLAGENASE CLOSTRIDIUM HIST.,J0775,"COLLAGENASE, CLOST HIST INJ",2026 (Q1),1980.0,3016,20967974.41,10589.886066,6952.2461572,2026
PROCHLORPERAZINE EDISYLATE,PROCHLORPERAZINE EDISYLATE,J0780,PROCHLORPERAZINE INJECTION,2025 (Q1-Q4),2106.0,4173,10620.67,5.0430531814,2.5450922598,2025
PROCHLORPERAZINE EDISYLATE,PROCHLORPERAZINE EDISYLATE,J0780,PROCHLORPERAZINE INJECTION,2026 (Q1),576.0,996,2531.47,4.3949131944,2.5416365462,2026
ADAKVEO,CRIZANLIZUMAB-TMCA,J0791,INJ CRIZANLIZUMAB-TMCA 5MG,2025 (Q1-Q4),424.0,2613,26039258.82,61413.346274,9965.2731803,2025
ADAKVEO,CRIZANLIZUMAB-TMCA,J0791,INJ CRIZANLIZUMAB-TMCA 5MG,2026 (Q1),268.0,605,5989583.6,22349.192537,9900.1381818,2026
CORTROPHIN,CORTICOTROPIN,J0802,"INJ. (ANI), UP TO 40 UNITS",2025 (Q1-Q4),114.0,642,4295656.69,37681.199035,6691.0540343,2025
CORTROPHIN,CORTICOTROPIN,J0802,"INJ. (ANI), UP TO 40 UNITS",2026 (Q1),47.0,244,1597227.1,33983.555319,6546.0127049,2026
CORTROSYN*,COSYNTROPIN*,J0834,"INJ., COSYNTROPIN, 0.25 MG",2025 (Q1-Q4),2752.0,2951,87011.26,31.617463663,29.48534734,2025
CORTROSYN*,COSYNTROPIN*,J0834,"INJ., COSYNTROPIN, 0.25 MG",2026 (Q1),636.0,648,13184.93,20.731022013,20.347114198,2026
CROFAB,"ANTIVENIN,CROTALIDAE FAB(OVIN)",J0840,CROTALIDAE POLY IMMUNE FAB,2025 (Q1-Q4),50.0,51,430691.0,8613.82,8444.9215686,2025
ANAVIP,"ANTIVENIN,CROTALIDAE (EQUINE)",J0841,INJ CROTALIDAE IM F(AB')2 EQ,2025 (Q1-Q4),38.0,39,407362.25,10720.059211,10445.185897,2025
CYTOGAM,CYTOMEGALOVIRUS IMMUNE GLOBULN,J0850,CYTOMEGALOVIRUS IMM IV /VIAL,2025 (Q1-Q4),87.0,411,3007911.02,34573.689885,7318.5182968,2025
CYTOGAM,CYTOMEGALOVIRUS IMMUNE GLOBULN,J0850,CYTOMEGALOVIRUS IMM IV /VIAL,2026 (Q1),39.0,88,665105.82,17053.995385,7558.0206818,2026
RYTELO,IMETELSTAT SODIUM,J0870,"INJECTION, IMETELSTAT, 1 MG",2025 (Q1-Q4),841.0,3756,95452744.92,113499.10216,25413.403866,2025
RYTELO,IMETELSTAT SODIUM,J0870,"INJECTION, IMETELSTAT, 1 MG",2026 (Q1),450.0,1030,26719053.77,59375.675044,25940.828903,2026
DAPTOMYCIN(J0872),DAPTOMYCIN,J0872,DAPTOMYCIN (XELLIA) UNREFRIG,2025 (Q1-Q4),429.0,4791,157298.36,366.66284382,32.832051764,2025
DAPTOMYCIN(J0872),DAPTOMYCIN,J0872,DAPTOMYCIN (XELLIA) UNREFRIG,2026 (Q1),154.0,1843,78130.4,507.34025974,42.393054802,2026
DAPTOMYCIN(J0873),DAPTOMYCIN,J0873,INJ DAPTOMYCIN (XELLIA),2025 (Q1-Q4),468.0,2493,84009.89,179.50831197,33.698311272,2025
DAPTOMYCIN(J0873),DAPTOMYCIN,J0873,INJ DAPTOMYCIN (XELLIA),2026 (Q1),600.5,22,474.41,605.10741214,21.564090909,2026
DAPTOMYCIN-0.9% NACL,DAPTOMYCIN IN 0.9 % SOD CHLOR,J0874,"INJ, DAPTOMYCIN (BAXTER)",2025 (Q1-Q4),600.5,34,2190.4,605.10741214,64.423529412,2025
DAPTOMYCIN-0.9% NACL,DAPTOMYCIN IN 0.9 % SOD CHLOR,J0874,"INJ, DAPTOMYCIN (BAXTER)",2026 (Q1),600.5,23,1.38,605.10741214,0.06,2026
DALBAVANCIN HCL*,DALBAVANCIN HCL*,J0875,"INJECTION, DALBAVANCIN",2025 (Q1-Q4),8818.0,18573,69847601.22,7921.0253141,3760.7064675,2025
DALBAVANCIN HCL*,DALBAVANCIN HCL*,J0875,"INJECTION, DALBAVANCIN",2026 (Q1),2659.0,4418,17702337.44,6657.5169011,4006.8667813,2026
DAPTOMYCIN(J0877),DAPTOMYCIN,J0877,"INJ, DAPTOMYCIN (HOSPIRA)",2025 (Q1-Q4),600.5,25,700.51,605.10741214,28.0204,2025
CUBICIN RF*,DAPTOMYCIN*,J0878,DAPTOMYCIN INJECTION,2025 (Q1-Q4),3439.0,54890,1273824.88,370.40560628,23.206866096,2025
CUBICIN RF*,DAPTOMYCIN*,J0878,DAPTOMYCIN INJECTION,2026 (Q1),843.0,9691,192947.33,228.8817675,19.90995047,2026
ARANESP(J0881),DARBEPOETIN ALFA IN POLYSORBAT,J0881,"DARBEPOETIN ALFA, NON-ESRD",2025 (Q1-Q4),40271.0,226758,147729298.53,3668.3791942,651.48439539,2025
ARANESP(J0881),DARBEPOETIN ALFA IN POLYSORBAT,J0881,"DARBEPOETIN ALFA, NON-ESRD",2026 (Q1),21150.0,47666,31066183.03,1468.8502615,651.74722087,2026
ARANESP(J0882),DARBEPOETIN ALFA IN POLYSORBAT,J0882,"DARBEPOETIN ALFA, ESRD USE",2025 (Q1-Q4),171.0,365,164272.52,960.6580117,450.06169863,2025
ARANESP(J0882),DARBEPOETIN ALFA IN POLYSORBAT,J0882,"DARBEPOETIN ALFA, ESRD USE",2026 (Q1),42.0,68,25427.97,605.42785714,373.94073529,2026
ARGATROBAN-0.9% NACL*,ARGATROBAN IN 0.9 % SOD CHLOR*,J0883,ARGATROBAN NONESRD USE 1MG,2025 (Q1-Q4),17.0,28,34938.01,2055.1770588,1247.7860714,2025
ARGATROBAN-0.9% NACL*,ARGATROBAN IN 0.9 % SOD CHLOR*,J0883,ARGATROBAN NONESRD USE 1MG,2026 (Q1),600.5,11,6682.12,605.10741214,607.46545455,2026
EPOGEN(J0885)*,EPOETIN ALFA*,J0885,"EPOETIN ALFA, NON-ESRD",2025 (Q1-Q4),22842.0,154613,40461464.56,1771.3626022,261.69510041,2025
EPOGEN(J0885)*,EPOETIN ALFA*,J0885,"EPOETIN ALFA, NON-ESRD",2026 (Q1),10500.0,31448,8748759.21,833.21516286,278.19763451,2026
MIRCERA,METHOXY PEG-EPOETIN BETA,J0888,EPOETIN BETA NON ESRD,2025 (Q1-Q4),121.0,473,71914.42,594.33404959,152.03894292,2025
DECITABINE,DECITABINE,J0893,"INJ, DECITABINE (SUN PHARMA)",2025 (Q1-Q4),600.5,18,1711.03,605.10741214,95.057222222,2025
DACOGEN*,DECITABINE*,J0894,DECITABINE INJECTION,2025 (Q1-Q4),1170.0,21980,1845799.78,1577.6066496,83.97633212,2025
DACOGEN*,DECITABINE*,J0894,DECITABINE INJECTION,2026 (Q1),636.0,4978,156744.46,246.45355346,31.487436722,2026
DEFEROXAMINE MESYLATE*,DEFEROXAMINE MESYLATE*,J0895,DEFEROXAMINE MESYLATE INJ,2025 (Q1-Q4),167.0,3277,356119.81,2132.4539521,108.67250839,2025
DEFEROXAMINE MESYLATE*,DEFEROXAMINE MESYLATE*,J0895,DEFEROXAMINE MESYLATE INJ,2026 (Q1),112.0,762,78594.54,701.73696429,103.14244094,2026
REBLOZYL,LUSPATERCEPT-AAMT,J0896,INJ LUSPATERCEPT-AAMT 0.25MG,2025 (Q1-Q4),8110.0,59349,995928611.4,122802.54148,16780.882768,2025
REBLOZYL,LUSPATERCEPT-AAMT,J0896,INJ LUSPATERCEPT-AAMT 0.25MG,2026 (Q1),5744.0,15092,258350303.85,44977.420587,17118.360976,2026
PROLIA*,DENOSUMAB*,J0897,DENOSUMAB INJECTION,2025 (Q1-Q4),726483.0,1348383,2624947434.9,3613.226235,1946.737266,2025
PROLIA*,DENOSUMAB*,J0897,DENOSUMAB INJECTION,2026 (Q1),244900.0,260340,515933157.07,2106.7095021,1981.7667553,2026
DEPO-ESTRADIOL,ESTRADIOL CYPIONATE,J1000,DEPO-ESTRADIOL CYPIONATE INJ,2025 (Q1-Q4),682.0,3897,139101.77,203.96153959,35.69457788,2025
DEPO-ESTRADIOL,ESTRADIOL CYPIONATE,J1000,DEPO-ESTRADIOL CYPIONATE INJ,2026 (Q1),341.0,810,33623.71,98.603255132,41.510753086,2026
DEPO-MEDROL*,METHYLPREDNISOLONE ACETATE*,J1010,"INJ, METHYLPRED ACETATE 1 MG",2025 (Q1-Q4),1332132.0,2098534,15022931.11,11.277359233,7.1587742252,2025
DEPO-MEDROL*,METHYLPREDNISOLONE ACETATE*,J1010,"INJ, METHYLPRED ACETATE 1 MG",2026 (Q1),375861.0,417801,3088917.14,8.2182432868,7.3932736877,2026
DEPO-TESTOSTERONE*,TESTOSTERONE CYPIONATE*,J1071,INJ TESTOSTERONE CYPIONATE,2025 (Q1-Q4),31209.0,310036,1433564.28,45.934322792,4.6238639384,2025
DEPO-TESTOSTERONE*,TESTOSTERONE CYPIONATE*,J1071,INJ TESTOSTERONE CYPIONATE,2026 (Q1),17900.0,65852,304419.63,17.00668324,4.6227848812,2026
AZMIRO,TESTOSTERONE CYPIONATE,J1072,"INJ, TESTOSTERONE, AZMIRO",2025 (Q1-Q4),29.0,94,6451.99,222.48241379,68.638191489,2025
AZMIRO,TESTOSTERONE CYPIONATE,J1072,"INJ, TESTOSTERONE, AZMIRO",2026 (Q1),19.0,46,2655.16,139.74526316,57.720869565,2026
DEXTENZA,DEXAMETHASONE,J1096,DEXAMETHA OPTH INSERT 0.1 MG,2025 (Q1-Q4),57745.0,94581,39086298.44,676.87762473,413.25740307,2025
DEXTENZA,DEXAMETHASONE,J1096,DEXAMETHA OPTH INSERT 0.1 MG,2026 (Q1),15050.0,21748,8472415.25,562.9511794,389.57215606,2026
DEXAMETHASONE SODIUM PHOSPHATE,DEXAMETHASONE SODIUM PHOSP,J1100,DEXAMETHASONE SODIUM PHOS,2025 (Q1-Q4),1018214.0,1971997,1707269.47,1.6767295186,0.8657566264,2025
DEXAMETHASONE SODIUM PHOSPHATE,DEXAMETHASONE SODIUM PHOSP,J1100,DEXAMETHASONE SODIUM PHOS,2026 (Q1),324955.0,455323,404364.39,1.2443704205,0.8880825041,2026
DIHYDROERGOTAMINE MESYLATE,DIHYDROERGOTAMINE MESYLATE,J1110,INJ DIHYDROERGOTAMINE MESYLT,2025 (Q1-Q4),72.0,200,13171.74,182.94083333,65.8587,2025
DIHYDROERGOTAMINE MESYLATE,DIHYDROERGOTAMINE MESYLATE,J1110,INJ DIHYDROERGOTAMINE MESYLT,2026 (Q1),46.0,94,6522.24,141.78782609,69.385531915,2026
DIGOXIN*,DIGOXIN*,J1160,DIGOXIN INJECTION,2025 (Q1-Q4),22.0,23,194.1,8.8227272727,8.4391304348,2025
DIGIFAB,DIGOXIN IMMUNE FAB,J1162,DIGOXIN IMMUNE FAB (OVINE),2025 (Q1-Q4),16.0,16,192651.1,12040.69375,12040.69375,2025
DILTIAZEM HCL-0.9% NACL*,"DILTIAZEM HCL IN NACL,ISO-OSM*",J1163,"INJ, DILTIAZEM HCL, 0.5 MG",2025 (Q1-Q4),124.0,129,358.61,2.892016129,2.7799224806,2025
DILTIAZEM HCL-0.9% NACL*,"DILTIAZEM HCL IN NACL,ISO-OSM*",J1163,"INJ, DILTIAZEM HCL, 0.5 MG",2026 (Q1),95.0,97,166.44,1.752,1.7158762887,2026
PHENYTOIN SODIUM,PHENYTOIN SODIUM,J1165,PHENYTOIN SODIUM INJECTION,2025 (Q1-Q4),600.5,15,131.91,605.10741214,8.794,2025
DILAUDID*,HYDROMORPHONE HCL*,J1171,"INJ, HYDROMORPHONE, 0.1 MG",2025 (Q1-Q4),44981.0,60379,460958.12,10.247840644,7.6344113019,2025
DILAUDID*,HYDROMORPHONE HCL*,J1171,"INJ, HYDROMORPHONE, 0.1 MG",2026 (Q1),746.0,1926,54468.4,73.013941019,28.280581516,2026
DEXRAZOXANE,DEXRAZOXANE HCL,J1190,DEXRAZOXANE HCL INJECTION,2025 (Q1-Q4),619.0,1993,552117.91,891.95138934,277.02855494,2025
DEXRAZOXANE,DEXRAZOXANE HCL,J1190,DEXRAZOXANE HCL INJECTION,2026 (Q1),272.0,567,142303.92,523.17617647,250.97693122,2026
DIPHENHYDRAMINE HCL,DIPHENHYDRAMINE HCL,J1200,DIPHENHYDRAMINE HCL INJECTIO,2025 (Q1-Q4),90019.0,429105,345714.66,3.8404632356,0.8056644877,2025
DIPHENHYDRAMINE HCL,DIPHENHYDRAMINE HCL,J1200,DIPHENHYDRAMINE HCL INJECTIO,2026 (Q1),39173.0,97723,75717.24,1.9328935747,0.7748149361,2026
QUZYTTIR,CETIRIZINE HCL,J1201,INJ. CETIRIZINE HCL 0.5MG,2025 (Q1-Q4),1514.0,5838,1856181.17,1226.0113408,317.94812778,2025
QUZYTTIR,CETIRIZINE HCL,J1201,INJ. CETIRIZINE HCL 0.5MG,2026 (Q1),737.0,1770,595735.66,808.32518318,336.57381921,2026
POMBILITI,CIPAGLUCOSIDASE ALFA-ATGA,J1203,"INJ, CIPAGLUCOSIDASE, 5 MG",2025 (Q1-Q4),17.0,216,7900847.31,464755.72412,36577.996806,2025
POMBILITI,CIPAGLUCOSIDASE ALFA-ATGA,J1203,"INJ, CIPAGLUCOSIDASE, 5 MG",2026 (Q1),16.0,68,2225098.61,139068.66312,32722.038382,2026
CHLOROTHIAZIDE SODIUM,CHLOROTHIAZIDE SODIUM,J1205,CHLOROTHIAZIDE SODIUM INJ,2025 (Q1-Q4),116.0,251,13592.01,117.1725,54.151434263,2025
CHLOROTHIAZIDE SODIUM,CHLOROTHIAZIDE SODIUM,J1205,CHLOROTHIAZIDE SODIUM INJ,2026 (Q1),24.0,38,2690.2,112.09166667,70.794736842,2026
RIMSO-50,DIMETHYL SULFOXIDE,J1212,DIMETHYL SULFOXIDE 50% 50 ML,2025 (Q1-Q4),728.0,5545,3883844.42,5334.9511264,700.42279892,2025
RIMSO-50,DIMETHYL SULFOXIDE,J1212,DIMETHYL SULFOXIDE 50% 50 ML,2026 (Q1),369.0,1256,909558.18,2464.9273171,724.17052548,2026
METHADONE HCL,METHADONE HCL,J1230,METHADONE INJECTION,2025 (Q1-Q4),23.0,71,1464.58,63.677391304,20.627887324,2025
METHADONE HCL,METHADONE HCL,J1230,METHADONE INJECTION,2026 (Q1),11.0,16,278.72,25.338181818,17.42,2026
DIMENHYDRINATE,DIMENHYDRINATE,J1240,DIMENHYDRINATE INJECTION,2025 (Q1-Q4),51.0,200,1540.33,30.20254902,7.70165,2025
DIMENHYDRINATE,DIMENHYDRINATE,J1240,DIMENHYDRINATE INJECTION,2026 (Q1),26.0,58,52.85,2.0326923077,0.9112068966,2026
DIPYRIDAMOLE,DIPYRIDAMOLE,J1245,DIPYRIDAMOLE INJECTION,2025 (Q1-Q4),2434.0,2464,45021.68,18.496992605,18.271785714,2025
DIPYRIDAMOLE,DIPYRIDAMOLE,J1245,DIPYRIDAMOLE INJECTION,2026 (Q1),96.0,96,2565.88,26.727916667,26.727916667,2026
DOBUTAMINE HCL-D5W*,DOBUTAMINE HCL IN DEXTROSE 5 %*,J1250,INJ DOBUTAMINE HCL/250 MG,2025 (Q1-Q4),3137.0,9055,729747.42,232.62589098,80.590548868,2025
DOBUTAMINE HCL-D5W*,DOBUTAMINE HCL IN DEXTROSE 5 %*,J1250,INJ DOBUTAMINE HCL/250 MG,2026 (Q1),866.0,2155,183525.68,211.92341801,85.162728538,2026
DOPAMINE HCL IN 5% DEXTROSE*,DOPAMINE HCL IN DEXTROSE 5 %*,J1265,DOPAMINE INJECTION,2025 (Q1-Q4),13.0,363,12647.86,972.91230769,34.842589532,2025
DOPAMINE HCL IN 5% DEXTROSE*,DOPAMINE HCL IN DEXTROSE 5 %*,J1265,DOPAMINE INJECTION,2026 (Q1),600.5,74,3111.84,605.10741214,42.051891892,2026
DOXERCALCIFEROL*,DOXERCALCIFEROL*,J1270,"INJECTION, DOXERCALCIFEROL",2025 (Q1-Q4),600.5,42,76.73,605.10741214,1.8269047619,2025
DOXERCALCIFEROL*,DOXERCALCIFEROL*,J1270,"INJECTION, DOXERCALCIFEROL",2026 (Q1),600.5,17,40.18,605.10741214,2.3635294118,2026
DOXY 100*,DOXYCYCLINE HYCLATE*,J1271,INJ DOXYCYCLINE HYCLATE 1 MG,2025 (Q1-Q4),74.0,93,8640.25,116.76013514,92.905913978,2025
DOXY 100*,DOXYCYCLINE HYCLATE*,J1271,INJ DOXYCYCLINE HYCLATE 1 MG,2026 (Q1),33.0,33,1271.08,38.517575758,38.517575758,2026
SOLIRIS(J1299),ECULIZUMAB,J1299,"INJ, ECULIZUMAB, 2 MG",2025 (Q1-Q4),674.0,7532,201272705.89,298624.19272,26722.345445,2025
SOLIRIS(J1299),ECULIZUMAB,J1299,"INJ, ECULIZUMAB, 2 MG",2026 (Q1),443.0,1976,52786304.95,119156.44458,26713.71708,2026
SOLIRIS(J1300),ECULIZUMAB,J1300,ECULIZUMAB INJECTION,2025 (Q1-Q4),546.0,2567,69711170.38,127676.13623,27156.669412,2025
EDARAVONE*,EDARAVONE*,J1301,"INJECTION, EDARAVONE, 1 MG",2025 (Q1-Q4),16.0,635,1119912.35,69994.521875,1763.6414961,2025
EDARAVONE*,EDARAVONE*,J1301,"INJECTION, EDARAVONE, 1 MG",2026 (Q1),600.5,53,108310.47,605.10741214,2043.5937736,2026
ENJAYMO,SUTIMLIMAB-JOME,J1302,"INJ, SUTIMLIMAB-JOME, 10 MG",2025 (Q1-Q4),230.0,3189,42841383.76,186266.88591,13434.112186,2025
ENJAYMO,SUTIMLIMAB-JOME,J1302,"INJ, SUTIMLIMAB-JOME, 10 MG",2026 (Q1),212.0,892,12531598.27,59111.312594,14048.876984,2026
ULTOMIRIS,RAVULIZUMAB-CWVZ,J1303,"INJ., RAVULIZUMAB-CWVZ 10 MG",2025 (Q1-Q4),2050.0,12868,726554991.47,354417.06901,56462.153518,2025
ULTOMIRIS,RAVULIZUMAB-CWVZ,J1303,"INJ., RAVULIZUMAB-CWVZ 10 MG",2026 (Q1),1624.0,3104,178930309.88,110178.76224,57645.074059,2026
QALSODY,TOFERSEN,J1304,INJ TOFERSEN INTRATHEC 1 MG,2025 (Q1-Q4),82.0,649,9991826.34,121851.54073,15395.726256,2025
QALSODY,TOFERSEN,J1304,INJ TOFERSEN INTRATHEC 1 MG,2026 (Q1),67.0,172,2718644.2,40576.779104,15806.07093,2026
EVKEEZA,EVINACUMAB-DGNB,J1305,"INJ, EVINACUMAB-DGNB, 5MG",2025 (Q1-Q4),90.0,767,32672586.13,363028.73478,42597.895867,2025
EVKEEZA,EVINACUMAB-DGNB,J1305,"INJ, EVINACUMAB-DGNB, 5MG",2026 (Q1),82.0,214,9248964.48,112792.24976,43219.460187,2026
LEQVIO,INCLISIRAN SODIUM,J1306,"INJECTION, INCLISIRAN, 1 MG",2025 (Q1-Q4),72216.0,131882,451040929.43,6245.7201926,3420.0340413,2025
LEQVIO,INCLISIRAN SODIUM,J1306,"INJECTION, INCLISIRAN, 1 MG",2026 (Q1),38753.0,38806,137066930.33,3536.9372779,3532.1066415,2026
FAMOTIDINE,FAMOTIDINE,J1308,"INJ, FAMOTIDINE, 0.25 MG",2025 (Q1-Q4),38334.0,161893,112587.92,2.9370250952,0.6954464986,2025
FAMOTIDINE,FAMOTIDINE,J1308,"INJ, FAMOTIDINE, 0.25 MG",2026 (Q1),19055.0,51954,37833.64,1.98549672,0.7282141895,2026
VIMIZIM,ELOSULFASE ALFA,J1322,"ELOSULFASE ALFA, INJECTION",2025 (Q1-Q4),600.5,14,888224.17,605.10741214,63444.583571,2025
ELREXFIO,ELRANATAMAB-BCMM,J1323,"INJ, ELRANATAMAB-BCMM, 1 MG",2025 (Q1-Q4),483.0,4880,69529264.62,143952.92882,14247.800127,2025
ELREXFIO,ELRANATAMAB-BCMM,J1323,"INJ, ELRANATAMAB-BCMM, 1 MG",2026 (Q1),296.0,1174,16817420.09,56815.608412,14324.889344,2026
EPOPROSTENOL SODIUM*,EPOPROSTENOL SODIUM*,J1325,EPOPROSTENOL INJECTION,2025 (Q1-Q4),203.0,3067,8025358.03,39533.783399,2616.6801532,2025
EPOPROSTENOL SODIUM*,EPOPROSTENOL SODIUM*,J1325,EPOPROSTENOL INJECTION,2026 (Q1),144.0,622,1498822.3,10408.488194,2409.6821543,2026
VYLOY,ZOLBETUXIMAB-CLZB,J1326,"INJ, ZOLBETUXIMAB-CLZB, 2 MG",2025 (Q1-Q4),335.0,1343,21541015.96,64301.540179,16039.475771,2025
VYLOY,ZOLBETUXIMAB-CLZB,J1326,"INJ, ZOLBETUXIMAB-CLZB, 2 MG",2026 (Q1),278.0,834,12349845.75,44423.905576,14807.968525,2026
ERTAPENEM,ERTAPENEM SODIUM,J1335,ERTAPENEM INJECTION,2025 (Q1-Q4),6970.0,63490,1318072.44,189.10651937,20.76031564,2025
ERTAPENEM,ERTAPENEM SODIUM,J1335,ERTAPENEM INJECTION,2026 (Q1),1873.0,12875,254679.85,135.97429258,19.780959223,2026
DELESTROGEN*,ESTRADIOL VALERATE*,J1380,ESTRADIOL VALERATE 10 MG INJ,2025 (Q1-Q4),426.0,2808,25288.14,59.361830986,9.0057478632,2025
DELESTROGEN*,ESTRADIOL VALERATE*,J1380,ESTRADIOL VALERATE 10 MG INJ,2026 (Q1),237.0,557,5069.14,21.388776371,9.1007899461,2026
PREMARIN,"ESTROGENS, CONJUGATED",J1410,INJ ESTROGEN CONJUGATE 25 MG,2025 (Q1-Q4),99.0,209,27244.92,275.20121212,130.3584689,2025
PREMARIN,"ESTROGENS, CONJUGATED",J1410,INJ ESTROGEN CONJUGATE 25 MG,2026 (Q1),41.0,44,6201.05,151.24512195,140.93295455,2026
ETHAMOLIN,ETHANOLAMINE OLEATE,J1430,ETHANOLAMINE OLEATE 100 MG,2025 (Q1-Q4),19.0,20,17503.04,921.21263158,875.152,2025
FOCINVEZ,FOSAPREPITANT DIMEGLUMINE,J1434,"INJ, FOCINVEZ, 1MG",2025 (Q1-Q4),6684.0,31268,13542194.68,2026.0614423,433.10076372,2025
FOCINVEZ,FOSAPREPITANT DIMEGLUMINE,J1434,"INJ, FOCINVEZ, 1MG",2026 (Q1),3548.0,9640,3771203.16,1062.9095716,391.2036473,2026
MONOFERRIC,FERRIC DERISOMALTOSE,J1437,INJ. FE DERISOMALTOSE 10 MG,2025 (Q1-Q4),52940.0,69877,141053909.0,2664.4108236,2018.6028164,2025
MONOFERRIC,FERRIC DERISOMALTOSE,J1437,INJ. FE DERISOMALTOSE 10 MG,2026 (Q1),17255.0,18337,41017026.6,2377.1096262,2236.844991,2026
INJECTAFER,FERRIC CARBOXYMALTOSE,J1439,INJ FERRIC CARBOXYMALTOS 1MG,2025 (Q1-Q4),66126.0,133703,118865484.79,1797.5604874,889.02631048,2025
INJECTAFER,FERRIC CARBOXYMALTOSE,J1439,INJ FERRIC CARBOXYMALTOS 1MG,2026 (Q1),18538.0,29106,25648270.21,1383.5510956,881.20216485,2026
REBYOTA,"FECAL MICROBIOTA, LIVE-JSLM",J1440,FECAL MICROBIOTA JSLM 1 ML,2025 (Q1-Q4),565.0,595,5481876.67,9702.4365841,9213.2381008,2025
REBYOTA,"FECAL MICROBIOTA, LIVE-JSLM",J1440,FECAL MICROBIOTA JSLM 1 ML,2026 (Q1),92.0,95,905212.87,9839.2703261,9528.5565263,2026
NEUPOGEN,FILGRASTIM,J1442,INJ FILGRASTIM EXCL BIOSIMIL,2025 (Q1-Q4),3162.0,15805,7376341.32,2332.8087666,466.70935274,2025
NEUPOGEN,FILGRASTIM,J1442,INJ FILGRASTIM EXCL BIOSIMIL,2026 (Q1),1100.0,3828,1772792.66,1611.6296909,463.11198015,2026
GRANIX,TBO-FILGRASTIM,J1447,INJ TBO FILGRASTIM 1 MICROG,2025 (Q1-Q4),2581.0,11037,2034628.41,788.31011623,184.34614569,2025
GRANIX,TBO-FILGRASTIM,J1447,INJ TBO FILGRASTIM 1 MICROG,2026 (Q1),795.0,2295,308652.74,388.24244025,134.48921133,2026
COSELA,TRILACICLIB DIHYDROCHLORIDE,J1448,"INJECTION, TRILACICLIB, 1MG",2025 (Q1-Q4),808.0,6380,21475398.17,26578.463082,3366.0498699,2025
COSELA,TRILACICLIB DIHYDROCHLORIDE,J1448,"INJECTION, TRILACICLIB, 1MG",2026 (Q1),308.0,1527,5141371.3,16692.763961,3366.9753111,2026
ROLVEDON,EFLAPEGRASTIM-XNST,J1449,INJ EFLAPEGRASTIM-XNST 0.1MG,2025 (Q1-Q4),7175.0,25911,72281337.79,10074.054047,2789.6004705,2025
ROLVEDON,EFLAPEGRASTIM-XNST,J1449,INJ EFLAPEGRASTIM-XNST 0.1MG,2026 (Q1),3167.0,6822,20720852.73,6542.7384686,3037.3574802,2026
FLUCONAZOLE-NACL,"FLUCONAZOLE IN NACL,ISO-OSM",J1450,FLUCONAZOLE,2025 (Q1-Q4),32.0,128,477.33,14.9165625,3.729140625,2025
FLUCONAZOLE-NACL,"FLUCONAZOLE IN NACL,ISO-OSM",J1450,FLUCONAZOLE,2026 (Q1),600.5,38,308.26,605.10741214,8.1121052632,2026
EMEND*,FOSAPREPITANT DIMEGLUMINE*,J1453,FOSAPREPITANT INJECTION,2025 (Q1-Q4),18001.0,87297,1508784.05,83.816679629,17.283343643,2025
EMEND*,FOSAPREPITANT DIMEGLUMINE*,J1453,FOSAPREPITANT INJECTION,2026 (Q1),7087.0,19071,297287.33,41.948261606,15.588450003,2026
AKYNZEO,FOSNETUPITANT,J1454,"INJ FOSNETUPITANT, PALONOSET",2025 (Q1-Q4),8697.0,41780,25384418.16,2918.7556813,607.57343609,2025
AKYNZEO,FOSNETUPITANT,J1454,"INJ FOSNETUPITANT, PALONOSET",2026 (Q1),4114.0,11028,5945011.95,1445.0685343,539.08341948,2026
FOSCARNET SODIUM,FOSCARNET SODIUM,J1455,FOSCARNET SODIUM INJECTION,2025 (Q1-Q4),105.0,568,172006.81,1638.1600952,302.82889085,2025
FOSCARNET SODIUM,FOSCARNET SODIUM,J1455,FOSCARNET SODIUM INJECTION,2026 (Q1),23.0,97,12564.39,546.27782609,129.52979381,2026
FOSAPREPITANT DIMEGLUMINE,FOSAPREPITANT DIMEGLUMINE,J1456,"INJ, FOSAPREPITANT (TEVA)",2025 (Q1-Q4),1032.0,3815,566559.1,548.99137597,148.50828309,2025
FOSAPREPITANT DIMEGLUMINE,FOSAPREPITANT DIMEGLUMINE,J1456,"INJ, FOSAPREPITANT (TEVA)",2026 (Q1),367.0,743,70252.63,191.42405995,94.552664872,2026
PRIVIGEN,IMMUN GLOB G(IGG),J1459,INJ IVIG PRIVIGEN 500 MG,2025 (Q1-Q4),15221.0,119196,490144073.9,32201.831279,4112.0849181,2025
PRIVIGEN,IMMUN GLOB G(IGG),J1459,INJ IVIG PRIVIGEN 500 MG,2026 (Q1),11454.0,30530,124341551.91,10855.731789,4072.7661942,2026
GAMASTAN,IMMUNE GLOBUL G (IGG),J1460,GAMMA GLOBULIN 1 CC INJ,2025 (Q1-Q4),58.0,473,61566.96,1061.4993103,130.16270613,2025
GAMASTAN,IMMUNE GLOBUL G (IGG),J1460,GAMMA GLOBULIN 1 CC INJ,2026 (Q1),31.0,100,11427.76,368.63741935,114.2776,2026
CUTAQUIG,IMMUN GLOB G(IGG)-HIPP,J1551,INJ CUTAQUIG 100 MG,2025 (Q1-Q4),365.0,3236,16978586.85,46516.676301,5246.7820921,2025
CUTAQUIG,IMMUN GLOB G(IGG)-HIPP,J1551,INJ CUTAQUIG 100 MG,2026 (Q1),363.0,1016,5285239.61,14559.888733,5202.0074902,2026
ALYGLO,"IMMUNE GLOBULIN,GAMMA(IGG)STWK",J1552,"INJ, ALYGLO, 500 MG",2025 (Q1-Q4),573.0,3532,34985903.32,61057.422897,9905.408641,2025
ALYGLO,"IMMUNE GLOBULIN,GAMMA(IGG)STWK",J1552,"INJ, ALYGLO, 500 MG",2026 (Q1),471.0,1305,11882512.27,25228.263843,9105.373387,2026
ASCENIV,"IMMUNE GLOBULIN,GAMMA(IGG)SLRA",J1554,INJ. ASCENIV,2025 (Q1-Q4),426.0,5035,152860815.66,358828.20577,30359.645613,2025
ASCENIV,"IMMUNE GLOBULIN,GAMMA(IGG)SLRA",J1554,INJ. ASCENIV,2026 (Q1),427.0,1618,48541903.78,113681.27349,30001.176625,2026
CUVITRU,IMMUN GLOB G(IGG),J1555,"INJ CUVITRU, 100 MG",2025 (Q1-Q4),1957.0,20804,135179312.32,69074.763577,6497.7558316,2025
CUVITRU,IMMUN GLOB G(IGG),J1555,"INJ CUVITRU, 100 MG",2026 (Q1),1775.0,4827,31708146.03,17863.744242,6568.9136172,2026
BIVIGAM,IMMUN GLOB G(IGG),J1556,"INJ, IMM GLOB BIVIGAM, 500MG",2025 (Q1-Q4),1010.0,8822,53803122.74,53270.418554,6098.7443596,2025
BIVIGAM,IMMUN GLOB G(IGG),J1556,"INJ, IMM GLOB BIVIGAM, 500MG",2026 (Q1),536.0,1700,10791948.13,20134.231586,6348.2047824,2026
GAMMAPLEX,IMMUN GLOB G(IGG),J1557,GAMMAPLEX INJECTION,2025 (Q1-Q4),306.0,3238,14704320.36,48053.33451,4541.1736751,2025
GAMMAPLEX,IMMUN GLOB G(IGG),J1557,GAMMAPLEX INJECTION,2026 (Q1),251.0,711,3436644.56,13691.810996,4833.5366526,2026
XEMBIFY,"IMMUNE GLOBULIN,GAMMA(IGG)KLHW",J1558,"INJ. XEMBIFY, 100 MG",2025 (Q1-Q4),902.0,8280,46275595.48,51303.320931,5588.8400338,2025
XEMBIFY,"IMMUNE GLOBULIN,GAMMA(IGG)KLHW",J1558,"INJ. XEMBIFY, 100 MG",2026 (Q1),797.0,2103,12012652.62,15072.337039,5712.1505563,2026
HIZENTRA,IMMUN GLOB G(IGG),J1559,HIZENTRA INJECTION,2025 (Q1-Q4),5375.0,58556,342302910.22,63684.262367,5845.7358805,2025
HIZENTRA,IMMUN GLOB G(IGG),J1559,HIZENTRA INJECTION,2026 (Q1),4783.0,13119,79429302.05,16606.586253,6054.5241291,2026
GAMMAKED*,IMMUNE GLOBUL G*,J1561,GAMUNEX-C/GAMMAKED,2025 (Q1-Q4),19889.0,158429,648779013.19,32619.991613,4095.0773734,2025
GAMMAKED*,IMMUNE GLOBUL G*,J1561,GAMUNEX-C/GAMMAKED,2026 (Q1),14913.0,40877,164005320.81,10997.4734,4012.1662747,2026
GAMMAGARD S-D,IMMUN GLOB G,J1566,"IMMUNE GLOBULIN, POWDER",2025 (Q1-Q4),1060.0,8506,48311588.27,45576.970066,5679.7070621,2025
GAMMAGARD S-D,IMMUN GLOB G,J1566,"IMMUNE GLOBULIN, POWDER",2026 (Q1),772.0,2043,11361827.06,14717.392565,5561.3446207,2026
OCTAGAM,IMMUN GLOBG(IGG),J1568,OCTAGAM INJECTION,2025 (Q1-Q4),9683.0,74877,254078862.92,26239.684284,3393.2831566,2025
OCTAGAM,IMMUN GLOBG(IGG),J1568,OCTAGAM INJECTION,2026 (Q1),7174.0,18321,60648106.65,8453.8760315,3310.3054773,2026
GAMMAGARD LIQUID,IMMUN GLOB G(IGG),J1569,GAMMAGARD LIQUID INJECTION,2025 (Q1-Q4),27047.0,205861,751891888.34,27799.456071,3652.4251235,2025
GAMMAGARD LIQUID,IMMUN GLOB G(IGG),J1569,GAMMAGARD LIQUID INJECTION,2026 (Q1),19372.0,49707,182705367.18,9431.4147832,3675.6466329,2026
GANCICLOVIR SODIUM,GANCICLOVIR SODIUM,J1570,GANCICLOVIR SODIUM INJECTION,2025 (Q1-Q4),170.0,751,146276.32,860.44894118,194.77539281,2025
GANCICLOVIR SODIUM,GANCICLOVIR SODIUM,J1570,GANCICLOVIR SODIUM INJECTION,2026 (Q1),44.0,154,34803.19,790.98159091,225.99474026,2026
HEPAGAM B(J1571),HEPATITIS B IMMUN GLOB,J1571,HEPAGAM B IM INJECTION,2025 (Q1-Q4),13.0,32,30446.42,2342.0323077,951.450625,2025
HEPAGAM B(J1573),HEPATITIS B IMMUN GLOB,J1573,"HEPAGAM B INTRAVENOUS, INJ",2025 (Q1-Q4),25.0,75,198695.84,7947.8336,2649.2778667,2025
HEPAGAM B(J1573),HEPATITIS B IMMUN GLOB,J1573,"HEPAGAM B INTRAVENOUS, INJ",2026 (Q1),16.0,24,68064.78,4254.04875,2836.0325,2026
HYQVIA,IGG,J1575,HYQVIA 100MG IMMUNEGLOBULIN,2025 (Q1-Q4),1269.0,13024,88737496.04,69927.104838,6813.3826812,2025
HYQVIA,IGG,J1575,HYQVIA 100MG IMMUNEGLOBULIN,2026 (Q1),1071.0,3013,20772381.6,19395.314286,6894.2521075,2026
PANZYGA,IMMUN GLOB G(IGG)-IFAS,J1576,"INJ, PANZYGA, 500 MG",2025 (Q1-Q4),1338.0,13134,88941227.23,66473.263999,6771.8309144,2025
PANZYGA,IMMUN GLOB G(IGG)-IFAS,J1576,"INJ, PANZYGA, 500 MG",2026 (Q1),1065.0,3549,23896605.93,22438.127634,6733.3350042,2026
GENTAMICIN SULFATE IN NS*,"GENTAMICIN IN NACL, ISO-OSM*",J1580,GARAMYCIN GENTAMICIN INJ,2025 (Q1-Q4),37136.0,58094,202254.08,5.446307626,3.4814968844,2025
GENTAMICIN SULFATE IN NS*,"GENTAMICIN IN NACL, ISO-OSM*",J1580,GARAMYCIN GENTAMICIN INJ,2026 (Q1),9889.0,13327,41965.61,4.2436656891,3.1489164853,2026
GLYCOPYRROLATE(J1596),GLYCOPYRROLATE,J1596,"INJ, GLYCOPYRROLATE, 0.1 MG",2025 (Q1-Q4),82778.0,91703,128375.57,1.5508416487,1.3999058918,2025
GLYCOPYRROLATE(J1596),GLYCOPYRROLATE,J1596,"INJ, GLYCOPYRROLATE, 0.1 MG",2026 (Q1),53.0,54,240.57,4.5390566038,4.455,2026
GLYCOPYRROLATE(J1598),GLYCOPYRROLATE,J1598,INJ GLYCOPYRROLATE FRES KABI,2025 (Q1-Q4),1318.0,1398,7577.7,5.7493930197,5.4203862661,2025
SIMPONI ARIA,GOLIMUMAB,J1602,GOLIMUMAB FOR IV USE 1MG,2025 (Q1-Q4),34139.0,164412,310414701.99,9092.6711969,1888.0294747,2025
SIMPONI ARIA,GOLIMUMAB,J1602,GOLIMUMAB FOR IV USE 1MG,2026 (Q1),25430.0,38495,77869675.06,3062.1185631,2022.8516706,2026
GLUCAGEN*,GLUCAGON*,J1610,GLUCAGON HYDROCHLORIDE/1 MG,2025 (Q1-Q4),16896.0,17616,3627346.67,214.68671106,205.91204984,2025
GLUCAGEN*,GLUCAGON*,J1610,GLUCAGON HYDROCHLORIDE/1 MG,2026 (Q1),3336.0,3369,585205.39,175.42127998,173.70299495,2026
GLUCAGON EMERGENCY KIT*,GLUCAGON HCL*,J1611,"INJ GLUCAGON HCL, FRESENIUS",2025 (Q1-Q4),24315.0,26217,3965070.49,163.07096401,151.24043521,2025
GLUCAGON EMERGENCY KIT*,GLUCAGON HCL*,J1611,"INJ GLUCAGON HCL, FRESENIUS",2026 (Q1),7279.0,7378,1159095.2,159.23824701,157.10154513,2026
GRANISETRON HCL,GRANISETRON HCL,J1626,GRANISETRON HCL INJECTION,2025 (Q1-Q4),15324.0,101049,224508.38,14.650768729,2.2217773555,2025
GRANISETRON HCL,GRANISETRON HCL,J1626,GRANISETRON HCL INJECTION,2026 (Q1),6128.0,21847,31538.97,5.1466987598,1.4436293313,2026
SUSTOL,GRANISETRON,J1627,"INJ, GRANISETRON, XR, 0.1 MG",2025 (Q1-Q4),1646.0,7534,3761750.17,2285.3889247,499.30318158,2025
SUSTOL,GRANISETRON,J1627,"INJ, GRANISETRON, XR, 0.1 MG",2026 (Q1),550.0,1546,653885.33,1188.8824182,422.95299483,2026
TREMFYA ONE-PRESS*,GUSELKUMAB*,J1628,"INJ., GUSELKUMAB, 1 MG",2025 (Q1-Q4),993.0,2343,32439980.91,32668.661541,13845.489078,2025
TREMFYA ONE-PRESS*,GUSELKUMAB*,J1628,"INJ., GUSELKUMAB, 1 MG",2026 (Q1),481.0,820,11312367.63,23518.435821,13795.57028,2026
HALOPERIDOL LACTATE,HALOPERIDOL LACTATE,J1630,HALOPERIDOL INJECTION,2025 (Q1-Q4),125.0,228,472.83,3.78264,2.0738157895,2025
HALOPERIDOL LACTATE,HALOPERIDOL LACTATE,J1630,HALOPERIDOL INJECTION,2026 (Q1),27.0,33,88.45,3.2759259259,2.6803030303,2026
HALDOL DECANOATE 100*,HALOPERIDOL DECANOATE*,J1631,HALOPERIDOL DECANOATE INJ,2025 (Q1-Q4),577.0,3227,23705.86,41.084679376,7.3460985435,2025
HALDOL DECANOATE 100*,HALOPERIDOL DECANOATE*,J1631,HALOPERIDOL DECANOATE INJ,2026 (Q1),269.0,573,3076.71,11.437583643,5.3694764398,2026
PANHEMATIN,HEMIN,J1640,"HEMIN, 1 MG",2025 (Q1-Q4),64.0,816,10658096.84,166532.76313,13061.393186,2025
PANHEMATIN,HEMIN,J1640,"HEMIN, 1 MG",2026 (Q1),36.0,174,2395366.35,66537.954167,13766.473276,2026
HEPARIN FLUSH,"HEPARIN SODIUM,PORCINE",J1642,INJ HEPARIN SODIUM PER 10 U,2025 (Q1-Q4),1146.0,5668,18954.26,16.539493892,3.3440825688,2025
HEPARIN FLUSH,"HEPARIN SODIUM,PORCINE",J1642,INJ HEPARIN SODIUM PER 10 U,2026 (Q1),494.0,1162,3982.86,8.0624696356,3.4275903614,2026
HEPARIN SODIUM,"HEPARIN SODIUM,PORCINE",J1643,"INJ HEPARIN, PFIZER, 1000U",2025 (Q1-Q4),41.0,100,1131.58,27.599512195,11.3158,2025
HEPARIN SODIUM,"HEPARIN SODIUM,PORCINE",J1643,"INJ HEPARIN, PFIZER, 1000U",2026 (Q1),19.0,26,64.49,3.3942105263,2.4803846154,2026
HEPARIN SODIUM IN 0.45% NACL*,"HEPARIN SOD,PORK IN 0.45% NACL*",J1644,INJ HEPARIN SODIUM PER 1000U,2025 (Q1-Q4),6637.0,28148,176698.2,26.623203254,6.2774690919,2025
HEPARIN SODIUM IN 0.45% NACL*,"HEPARIN SOD,PORK IN 0.45% NACL*",J1644,INJ HEPARIN SODIUM PER 1000U,2026 (Q1),2680.0,6338,41879.75,15.626772388,6.6077232565,2026
FRAGMIN,"DALTEPARIN SODIUM,PORCINE",J1645,DALTEPARIN SODIUM,2025 (Q1-Q4),600.5,56,3783.92,605.10741214,67.57,2025
ENOXAPARIN SODIUM*,ENOXAPARIN SODIUM*,J1650,INJ ENOXAPARIN SODIUM,2025 (Q1-Q4),740.0,1512,69325.15,93.682635135,45.849966931,2025
ENOXAPARIN SODIUM*,ENOXAPARIN SODIUM*,J1650,INJ ENOXAPARIN SODIUM,2026 (Q1),171.0,288,24268.83,141.92298246,84.266770833,2026
ARIXTRA*,FONDAPARINUX SODIUM*,J1652,FONDAPARINUX SODIUM,2025 (Q1-Q4),20.0,56,502.49,25.1245,8.9730357143,2025
HYPERTET,TETANUS IMMUNE GLOBULIN,J1670,TETANUS IMMUNE GLOBULIN INJ,2025 (Q1-Q4),283.0,283,97325.82,343.90749117,343.90749117,2025
HYPERTET,TETANUS IMMUNE GLOBULIN,J1670,TETANUS IMMUNE GLOBULIN INJ,2026 (Q1),55.0,55,16905.86,307.37927273,307.37927273,2026
HYDROCORTISONE SOD SUCCINATE*,HYDROCORTISONE SOD SUCCINATE*,J1720,HYDROCORTISONE SODIUM SUCC I,2025 (Q1-Q4),6990.0,25281,549723.41,78.644264664,21.744527906,2025
HYDROCORTISONE SOD SUCCINATE*,HYDROCORTISONE SOD SUCCINATE*,J1720,HYDROCORTISONE SODIUM SUCC I,2026 (Q1),2862.0,5777,136914.17,47.838633823,23.699873637,2026
IBANDRONATE SODIUM,IBANDRONATE SODIUM,J1740,IBANDRONATE SODIUM INJECTION,2025 (Q1-Q4),443.0,1026,75270.05,169.90981941,73.362621832,2025
IBANDRONATE SODIUM,IBANDRONATE SODIUM,J1740,IBANDRONATE SODIUM INJECTION,2026 (Q1),169.0,170,6287.2,37.202366864,36.983529412,2026
CALDOLOR,IBUPROFEN,J1741,IBUPROFEN INJECTION,2025 (Q1-Q4),27.0,34,490.39,18.162592593,14.423235294,2025
ELAPRASE,IDURSULFASE,J1743,IDURSULFASE INJECTION,2025 (Q1-Q4),600.5,176,3493277.02,605.10741214,19848.164886,2025
ELAPRASE,IDURSULFASE,J1743,IDURSULFASE INJECTION,2026 (Q1),600.5,68,1002353.13,605.10741214,14740.487206,2026
FIRAZYR*,ICATIBANT ACETATE*,J1744,ICATIBANT INJECTION,2025 (Q1-Q4),600.5,13,48525.77,605.10741214,3732.7515385,2025
INFLIXIMAB*,INFLIXIMAB*,J1745,INFLIXIMAB NOT BIOSIMIL 10MG,2025 (Q1-Q4),35860.0,212872,345756127.35,9641.8328876,1624.2442752,2025
INFLIXIMAB*,INFLIXIMAB*,J1745,INFLIXIMAB NOT BIOSIMIL 10MG,2026 (Q1),27424.0,48117,82560561.3,3010.5222178,1715.8293597,2026
TROGARZO,IBALIZUMAB-UIYK,J1746,"INJ., IBALIZUMAB-UIYK, 10 MG",2025 (Q1-Q4),600.5,118,814139.34,605.10741214,6899.4859322,2025
TROGARZO,IBALIZUMAB-UIYK,J1746,"INJ., IBALIZUMAB-UIYK, 10 MG",2026 (Q1),600.5,25,183073.97,605.10741214,7322.9588,2026
SPEVIGO,SPESOLIMAB-SBZO,J1747,"INJ, SPESOLIMAB-SBZO, 1 MG",2025 (Q1-Q4),36.0,92,4014470.16,111513.06,43635.545217,2025
SPEVIGO,SPESOLIMAB-SBZO,J1747,"INJ, SPESOLIMAB-SBZO, 1 MG",2026 (Q1),13.0,28,863071.21,66390.093077,30823.971786,2026
INFED,IRON DEXTRAN COMPLEX,J1750,INJ IRON DEXTRAN,2025 (Q1-Q4),33071.0,51848,14757432.97,446.23485743,284.6287797,2025
INFED,IRON DEXTRAN COMPLEX,J1750,INJ IRON DEXTRAN,2026 (Q1),11192.0,13385,4110970.35,367.31329074,307.13263728,2026
IRON SUCROSE*,IRON SUCROSE COMPLEX*,J1756,IRON SUCROSE INJECTION,2025 (Q1-Q4),13925.0,59203,2793144.71,200.58489838,47.179107647,2025
IRON SUCROSE*,IRON SUCROSE COMPLEX*,J1756,IRON SUCROSE INJECTION,2026 (Q1),5567.0,15220,759814.49,136.48544818,49.92210841,2026
CEREZYME,IMIGLUCERASE,J1786,IMUGLUCERASE INJECTION,2025 (Q1-Q4),138.0,2299,44631955.83,323419.96978,19413.6389,2025
CEREZYME,IMIGLUCERASE,J1786,IMUGLUCERASE INJECTION,2026 (Q1),119.0,506,9870814.07,82948.017395,19507.537688,2026
DROPERIDOL,DROPERIDOL,J1790,DROPERIDOL INJECTION,2025 (Q1-Q4),39.0,48,396.42,10.164615385,8.25875,2025
BREVIBLOC*,ESMOLOL HCL*,J1805,"INJ, ESMOLOL HCL, 10MG",2025 (Q1-Q4),64.0,65,241.23,3.76921875,3.7112307692,2025
BREVIBLOC*,ESMOLOL HCL*,J1805,"INJ, ESMOLOL HCL, 10MG",2026 (Q1),23.0,23,44.41,1.9308695652,1.9308695652,2026
FOLIC ACID,FOLIC ACID,J1808,"INJ, FOLIC ACID, 0.1 MG",2025 (Q1-Q4),205.0,919,1026.06,5.0051707317,1.1164961915,2025
FOLIC ACID,FOLIC ACID,J1808,"INJ, FOLIC ACID, 0.1 MG",2026 (Q1),117.0,386,341.31,2.9171794872,0.8842227979,2026
FIASP PUMPCART*,INSULIN ASPART*,J1811,FIASP FOR INSULIN PUMP USE,2025 (Q1-Q4),1396.0,5337,1873193.32,1341.8290258,350.98244707,2025
FIASP PUMPCART*,INSULIN ASPART*,J1811,FIASP FOR INSULIN PUMP USE,2026 (Q1),865.0,1343,460484.07,532.35152601,342.87719285,2026
LYUMJEV,INSULIN LISPRO-AABC,J1813,LYUMJEV FOR INSULIN PUMP USE,2025 (Q1-Q4),700.0,2366,2844228.02,4063.1828857,1202.1251141,2025
LYUMJEV,INSULIN LISPRO-AABC,J1813,LYUMJEV FOR INSULIN PUMP USE,2026 (Q1),384.0,526,402907.91,1049.239349,765.98461977,2026
ADMELOG SOLOSTAR*,INSULIN LISPRO*,J1817,INSULIN FOR INSULIN PUMP USE,2025 (Q1-Q4),34945.0,140990,36719705.62,1050.7856809,260.44191517,2025
ADMELOG SOLOSTAR*,INSULIN LISPRO*,J1817,INSULIN FOR INSULIN PUMP USE,2026 (Q1),20149.0,28262,7997474.56,396.9166986,282.9762423,2026
UPLIZNA,INEBILIZUMAB-CDON,J1823,"INJ. INEBILIZUMAB-CDON, 1 MG",2025 (Q1-Q4),357.0,1144,98528467.66,275990.10549,86126.28292,2025
UPLIZNA,INEBILIZUMAB-CDON,J1823,"INJ. INEBILIZUMAB-CDON, 1 MG",2026 (Q1),260.0,686,49002685.8,188471.86846,71432.486589,2026
METRO IV*,METRONIDAZOLE*,J1836,"INJ, METRONIDAZOLE, 10 MG",2025 (Q1-Q4),346.0,512,865.37,2.5010693642,1.6901757813,2025
METRO IV*,METRONIDAZOLE*,J1836,"INJ, METRONIDAZOLE, 10 MG",2026 (Q1),95.0,132,932.49,9.8156842105,7.0643181818,2026
POSACONAZOLE,POSACONAZOLE,J1837,"INJ, POSACONAZOLE, 1 MG",2026 (Q1),600.5,12,1227.34,605.10741214,102.27833333,2026
KETOROLAC TROMETHAMINE,KETOROLAC TROMETHAMINE,J1885,KETOROLAC TROMETHAMINE INJ,2025 (Q1-Q4),1436175.0,1872101,3427924.3801,2.3868430937,1.8310573949,2025
KETOROLAC TROMETHAMINE,KETOROLAC TROMETHAMINE,J1885,KETOROLAC TROMETHAMINE INJ,2026 (Q1),388337.0,440857,302900.72,0.7799944893,0.6870724974,2026
LABETALOL HCL,LABETALOL HCL,J1920,"INJ, LABETALOL HCL, 5MG",2025 (Q1-Q4),260.0,327,1142.27,4.3933461538,3.4931804281,2025
LABETALOL HCL,LABETALOL HCL,J1920,"INJ, LABETALOL HCL, 5MG",2026 (Q1),49.0,53,273.36,5.5787755102,5.1577358491,2026
LANREOTIDE ACETATE(J1930)*,LANREOTIDE ACETATE*,J1930,LANREOTIDE INJECTION,2025 (Q1-Q4),8135.0,67264,303547997.71,37313.828852,4512.7854084,2025
LANREOTIDE ACETATE(J1930)*,LANREOTIDE ACETATE*,J1930,LANREOTIDE INJECTION,2026 (Q1),6937.0,17811,73872446.35,10649.048054,4147.5743277,2026
ALDURAZYME,LARONIDASE,J1931,LARONIDASE INJECTION,2025 (Q1-Q4),600.5,86,1271594.72,605.10741214,14785.985116,2025
ALDURAZYME,LARONIDASE,J1931,LARONIDASE INJECTION,2026 (Q1),600.5,25,424110.2,605.10741214,16964.408,2026
LANREOTIDE ACETATE(J1932),LANREOTIDE ACETATE,J1932,"INJ, LANREOTIDE, (CIPLA) 1MG",2025 (Q1-Q4),1668.0,9448,30607397.04,18349.758417,3239.5636156,2025
LANREOTIDE ACETATE(J1932),LANREOTIDE ACETATE,J1932,"INJ, LANREOTIDE, (CIPLA) 1MG",2026 (Q1),606.0,970,4359655.54,7194.1510561,4494.4902474,2026
FUROSEMIDE(J1938),FUROSEMIDE,J1938,"INJ, FUROSEMIDE, 1 MG",2025 (Q1-Q4),11904.0,18914,13681.74,1.1493397177,0.7233657608,2025
FUROSEMIDE(J1938),FUROSEMIDE,J1938,"INJ, FUROSEMIDE, 1 MG",2026 (Q1),4289.0,5781,4213.09,0.9823012357,0.7287822176,2026
BUMETANIDE,BUMETANIDE,J1939,"INJ, BUMETANIDE, 0.5 MG",2025 (Q1-Q4),8945.0,14370,40610.23,4.5399921744,2.8260424495,2025
BUMETANIDE,BUMETANIDE,J1939,"INJ, BUMETANIDE, 0.5 MG",2026 (Q1),351.0,532,1220.31,3.4766666667,2.2938157895,2026
FUROSEMIDE(J1940),FUROSEMIDE,J1940,FUROSEMIDE INJECTION,2025 (Q1-Q4),4588.0,6649,6275.47,1.3678007847,0.9438216273,2025
ARISTADA INITIO,"ARIPIPRAZOLE LAUROXIL,SUBMICR.",J1943,"INJ., ARISTADA INITIO, 1 MG",2025 (Q1-Q4),12.0,16,10887.56,907.29666667,680.4725,2025
ARISTADA,ARIPIPRAZOLE LAUROXIL,J1944,ARIPIPRAZOLE LAUROXIL 1 MG,2025 (Q1-Q4),259.0,1158,1780938.43,6876.2101544,1537.9433765,2025
ARISTADA,ARIPIPRAZOLE LAUROXIL,J1944,ARIPIPRAZOLE LAUROXIL 1 MG,2026 (Q1),121.0,244,412646.77,3410.3038843,1691.1752869,2026
LUPRON DEPOT-PED*,LEUPROLIDE ACETATE*,J1950,LEUPROLIDE ACETATE /3.75 MG,2025 (Q1-Q4),1241.0,4864,13937451.97,11230.823505,2865.4300925,2025
LUPRON DEPOT-PED*,LEUPROLIDE ACETATE*,J1950,LEUPROLIDE ACETATE /3.75 MG,2026 (Q1),697.0,1142,3454598.04,4956.381693,3025.0420665,2026
CAMCEVI,LEUPROLIDE MESYLATE,J1952,"LEUPROLIDE INJ, CAMCEVI, 1MG",2025 (Q1-Q4),8673.0,12711,31359532.32,3615.7652854,2467.1176398,2025
CAMCEVI,LEUPROLIDE MESYLATE,J1952,"LEUPROLIDE INJ, CAMCEVI, 1MG",2026 (Q1),2449.0,2453,5748839.73,2347.4233279,2343.5954872,2026
KEPPRA*,LEVETIRACETAM*,J1953,LEVETIRACETAM INJECTION,2025 (Q1-Q4),115.0,329,1820.94,15.83426087,5.5347720365,2025
KEPPRA*,LEVETIRACETAM*,J1953,LEVETIRACETAM INJECTION,2026 (Q1),37.0,75,517.51,13.986756757,6.9001333333,2026
LEUPROLIDE DEPOT*,LEUPROLIDE ACETATE*,J1954,INJ LEU ACET LUTR DPT 7.5 MG,2025 (Q1-Q4),193.0,205,337048.73,1746.3664767,1644.1401463,2025
LEUPROLIDE DEPOT*,LEUPROLIDE ACETATE*,J1954,INJ LEU ACET LUTR DPT 7.5 MG,2026 (Q1),823.0,839,1746851.71,2122.5415674,2082.0640167,2026
CARNITOR*,LEVOCARNITINE*,J1955,INJ LEVOCARNITINE PER 1 GM,2025 (Q1-Q4),1502.0,22673,2630101.91,1751.066518,116.00149561,2025
CARNITOR*,LEVOCARNITINE*,J1955,INJ LEVOCARNITINE PER 1 GM,2026 (Q1),597.0,4361,526448.1,881.82261307,120.71728961,2026
LEVOFLOXACIN-D5W,LEVOFLOXACIN IN DEXTROSE 5 %,J1956,LEVOFLOXACIN INJECTION,2025 (Q1-Q4),554.0,1616,8152.0,14.714801444,5.0445544554,2025
LEVOFLOXACIN-D5W,LEVOFLOXACIN IN DEXTROSE 5 %,J1956,LEVOFLOXACIN INJECTION,2026 (Q1),167.0,524,2908.03,17.413353293,5.5496755725,2026
SUNLENCA,LENACAPAVIR SODIUM,J1961,INJ LENACAPAVIR (HIV TX) 1MG,2025 (Q1-Q4),75.0,101,1168151.83,15575.357733,11565.859703,2025
SUNLENCA,LENACAPAVIR SODIUM,J1961,INJ LENACAPAVIR (HIV TX) 1MG,2026 (Q1),26.0,26,395808.78,15223.414615,15223.414615,2026
LIDOCAINE HCL IN 5% DEXTROSE,LIDOCAINE HCL,J2002,"INJ, LIDOCAINE IN D5W, 1 MG",2025 (Q1-Q4),3007.0,4772,4429.81,1.4731659461,0.9282921207,2025
LIDOCAINE HCL IN 5% DEXTROSE,LIDOCAINE HCL,J2002,"INJ, LIDOCAINE IN D5W, 1 MG",2026 (Q1),352.0,477,140.95,0.4004261364,0.2954926625,2026
LINCOCIN*,LINCOMYCIN HCL*,J2010,LINCOMYCIN INJECTION,2025 (Q1-Q4),10248.0,14485,125473.08,12.243665105,8.6622768381,2025
LINCOCIN*,LINCOMYCIN HCL*,J2010,LINCOMYCIN INJECTION,2026 (Q1),3006.0,3471,27147.75,9.0311876248,7.8213050994,2026
LINEZOLID-D5W*,LINEZOLID IN DEXTROSE 5%*,J2020,LINEZOLID INJECTION,2025 (Q1-Q4),51.0,105,2219.41,43.517843137,21.137238095,2025
ATIVAN*,LORAZEPAM*,J2060,LORAZEPAM INJECTION,2025 (Q1-Q4),2638.0,6263,10171.49,3.8557581501,1.6240603545,2025
ATIVAN*,LORAZEPAM*,J2060,LORAZEPAM INJECTION,2026 (Q1),679.0,1154,1775.86,2.6154050074,1.5388734835,2026
MANNITOL(J2150),MANNITOL,J2150,MANNITOL INJECTION,2025 (Q1-Q4),682.0,3129,9326.6,13.675366569,2.9806967082,2025
MANNITOL(J2151),MANNITOL,J2151,"INJ, MANNITOL, 250 MG",2025 (Q1-Q4),258.0,894,2168.49,8.405,2.4256040268,2025
MANNITOL(J2151),MANNITOL,J2151,"INJ, MANNITOL, 250 MG",2026 (Q1),281.0,925,2803.27,9.9760498221,3.0305621622,2026
DEMEROL*,MEPERIDINE HCL*,J2175,MEPERIDINE HYDROCHL /100 MG,2025 (Q1-Q4),1492.0,2180,23666.88,15.862520107,10.856366972,2025
DEMEROL*,MEPERIDINE HCL*,J2175,MEPERIDINE HYDROCHL /100 MG,2026 (Q1),352.0,408,3435.07,9.7587215909,8.4192892157,2026
NUCALA,MEPOLIZUMAB,J2182,"INJECTION, MEPOLIZUMAB, 1MG",2025 (Q1-Q4),9770.0,83168,286366049.05,29310.752206,3443.2239449,2025
NUCALA,MEPOLIZUMAB,J2182,"INJECTION, MEPOLIZUMAB, 1MG",2026 (Q1),8254.0,20909,74585995.42,9036.3454592,3567.1718121,2026
MEROPENEM(J2183),MEROPENEM,J2183,INJ MEROPENEM (WG CRIT CARE),2025 (Q1-Q4),315.0,460,30934.74,98.20552381,67.249434783,2025
MEROPENEM(J2185),MEROPENEM,J2185,MEROPENEM,2025 (Q1-Q4),1100.0,14941,147329.5,133.93590909,9.8607522923,2025
MEROPENEM(J2185),MEROPENEM,J2185,MEROPENEM,2026 (Q1),357.0,3378,28056.29,78.589047619,8.3055920663,2026
MICAFUNGIN(J2247),MICAFUNGIN SODIUM,J2247,"INJ, MICAFUNGIN (PAR PHARM)",2025 (Q1-Q4),16.0,169,5487.73,342.983125,32.471775148,2025
MICAFUNGIN(J2247),MICAFUNGIN SODIUM,J2247,"INJ, MICAFUNGIN (PAR PHARM)",2026 (Q1),600.5,39,819.12,605.10741214,21.003076923,2026
MICAFUNGIN(J2248)*,MICAFUNGIN SODIUM*,J2248,MICAFUNGIN SODIUM INJECTION,2025 (Q1-Q4),273.0,3851,119624.95,438.18663004,31.063347183,2025
MICAFUNGIN(J2248)*,MICAFUNGIN SODIUM*,J2248,MICAFUNGIN SODIUM INJECTION,2026 (Q1),51.0,497,13397.81,262.70215686,26.957364185,2026
MIDAZOLAM HCL,MIDAZOLAM HCL,J2250,INJ MIDAZOLAM HYDROCHLORIDE,2025 (Q1-Q4),57212.0,90965,37125.8,0.6489163113,0.4081327983,2025
MIDAZOLAM HCL,MIDAZOLAM HCL,J2250,INJ MIDAZOLAM HYDROCHLORIDE,2026 (Q1),16364.0,19674,7954.52,0.4860987534,0.4043163566,2026
MILRINONE IN 5% DEXTROSE*,MILRINONE LACTATE*,J2260,INJ MILRINONE LACTATE / 5 MG,2025 (Q1-Q4),1690.0,33965,2766268.01,1636.8449763,81.444663919,2025
MILRINONE IN 5% DEXTROSE*,MILRINONE LACTATE*,J2260,INJ MILRINONE LACTATE / 5 MG,2026 (Q1),823.0,7266,551122.63,669.65082625,75.849522433,2026
OMVOH PEN*,MIRIKIZUMAB-MRKZ*,J2267,"INJ, MIRIKIZUMAB-MRKZ, 1 MG",2025 (Q1-Q4),135.0,373,8066023.25,59748.32037,21624.727212,2025
OMVOH PEN*,MIRIKIZUMAB-MRKZ*,J2267,"INJ, MIRIKIZUMAB-MRKZ, 1 MG",2026 (Q1),48.0,90,1935037.6,40313.283333,21500.417778,2026
MORPHINE SULFATE(J2270),MORPHINE SULFATE,J2270,MORPHINE SULFATE INJECTION,2025 (Q1-Q4),3162.0,5793,47127.15,14.904222011,8.1351890212,2025
MORPHINE SULFATE(J2270),MORPHINE SULFATE,J2270,MORPHINE SULFATE INJECTION,2026 (Q1),790.0,1262,8201.62,10.381797468,6.4989064976,2026
MORPHINE SULFATE(J2272),MORPHINE SULFATE,J2272,"INJ, MORPHINE (FRESENIUS)",2025 (Q1-Q4),96.0,116,1701.87,17.7278125,14.671293103,2025
MORPHINE SULFATE(J2272),MORPHINE SULFATE,J2272,"INJ, MORPHINE (FRESENIUS)",2026 (Q1),23.0,27,209.58,9.112173913,7.7622222222,2026
DURAMORPH*,MORPHINE SULFATE*,J2274,INJ MORPHINE PF EPID ITHC,2025 (Q1-Q4),918.0,2956,1102812.29,1201.3205773,373.07587618,2025
DURAMORPH*,MORPHINE SULFATE*,J2274,INJ MORPHINE PF EPID ITHC,2026 (Q1),469.0,657,322233.11,687.06420043,490.46135464,2026
APHEXDA,MOTIXAFORTIDE ACETATE,J2277,"INJ, MOTIXAFORTIDE, 0.25 MG",2025 (Q1-Q4),101.0,112,1328199.99,13150.49495,11858.928482,2025
APHEXDA,MOTIXAFORTIDE ACETATE,J2277,"INJ, MOTIXAFORTIDE, 0.25 MG",2026 (Q1),30.0,33,433524.43,14450.814333,13137.103939,2026
PRIALT,ZICONOTIDE ACETATE,J2278,ZICONOTIDE INJECTION,2025 (Q1-Q4),284.0,954,3196561.42,11255.497958,3350.6933124,2025
PRIALT,ZICONOTIDE ACETATE,J2278,ZICONOTIDE INJECTION,2026 (Q1),117.0,163,553257.29,4728.6947863,3394.2165031,2026
MOXIFLOXACIN,MOXIFLOXACIN-SOD.CHLORIDE(ISO),J2280,"INJ, MOXIFLOXACIN 100 MG",2025 (Q1-Q4),5262.0,8377,76068.29,14.456155454,9.0806123911,2025
MOXIFLOXACIN,MOXIFLOXACIN-SOD.CHLORIDE(ISO),J2280,"INJ, MOXIFLOXACIN 100 MG",2026 (Q1),1518.0,2225,20708.42,13.641910408,9.3071550562,2026
NAFCILLIN SODIUM,NAFCILLIN SODIUM,J2290,"INJ, NAFCILLIN SODIUM, 20 MG",2025 (Q1-Q4),600.5,66,34177.84,605.10741214,517.84606061,2025
NAFCILLIN SODIUM,NAFCILLIN SODIUM,J2290,"INJ, NAFCILLIN SODIUM, 20 MG",2026 (Q1),600.5,69,2049.6,605.10741214,29.704347826,2026
NALBUPHINE HCL,NALBUPHINE HCL,J2300,INJ NALBUPHINE HYDROCHLORIDE,2025 (Q1-Q4),357.0,1465,5431.18,15.213389356,3.7072901024,2025
NALBUPHINE HCL,NALBUPHINE HCL,J2300,INJ NALBUPHINE HYDROCHLORIDE,2026 (Q1),127.0,362,1488.71,11.722125984,4.1124585635,2026
NITROGLYCERIN IN D5W*,NITROGLYCERIN IN 5 % DEXTROSE*,J2305,"INJ, NITROGLYCERIN, 5 MG",2025 (Q1-Q4),431.0,486,3240.03,7.5174709977,6.6667283951,2025
NITROGLYCERIN IN D5W*,NITROGLYCERIN IN 5 % DEXTROSE*,J2305,"INJ, NITROGLYCERIN, 5 MG",2026 (Q1),156.0,164,1478.84,9.4797435897,9.0173170732,2026
NALOXONE HCL(J2310),NALOXONE HCL,J2310,INJ NALOXONE HYDROCHLORIDE,2025 (Q1-Q4),43.0,44,550.85,12.810465116,12.519318182,2025
NALOXONE HCL(J2312),NALOXONE HCL,J2312,"INJ NALOXONE HCL NOS, 0.01MG",2025 (Q1-Q4),23.0,23,139.4,6.0608695652,6.0608695652,2025
NALOXONE HCL(J2312),NALOXONE HCL,J2312,"INJ NALOXONE HCL NOS, 0.01MG",2026 (Q1),18.0,18,175.36,9.7422222222,9.7422222222,2026
VIVITROL,NALTREXONE MICROSPHERES,J2315,"NALTREXONE, DEPOT FORM",2025 (Q1-Q4),805.0,2876,3281096.56,4075.8963478,1140.8541586,2025
VIVITROL,NALTREXONE MICROSPHERES,J2315,"NALTREXONE, DEPOT FORM",2026 (Q1),347.0,668,866369.11,2496.740951,1296.9597455,2026
TYSABRI,NATALIZUMAB,J2323,NATALIZUMAB INJECTION,2025 (Q1-Q4),2625.0,21691,152041606.46,57920.611985,7009.4327813,2025
TYSABRI,NATALIZUMAB,J2323,NATALIZUMAB INJECTION,2026 (Q1),2063.0,4821,34713828.8,16826.868056,7200.5452811,2026
SKYRIZI,RISANKIZUMAB-RZAA,J2327,INJ RISANKIZUMAB-RZAA 1 MG,2025 (Q1-Q4),5065.0,12655,133324872.26,26322.778334,10535.351423,2025
SKYRIZI,RISANKIZUMAB-RZAA,J2327,INJ RISANKIZUMAB-RZAA 1 MG,2026 (Q1),1526.0,2523,27137672.95,17783.534043,10756.112941,2026
BRIUMVI,UBLITUXIMAB-XIIY,J2329,"INJ UBLITUXIMAB-XIIY, 1 MG",2025 (Q1-Q4),980.0,1945,48338655.71,49325.158888,24852.779285,2025
BRIUMVI,UBLITUXIMAB-XIIY,J2329,"INJ UBLITUXIMAB-XIIY, 1 MG",2026 (Q1),499.0,599,15511525.76,31085.221964,25895.702437,2026
OCREVUS,OCRELIZUMAB,J2350,"INJECTION, OCRELIZUMAB, 1 MG",2025 (Q1-Q4),11393.0,20144,633566006.34,55610.112028,31451.847018,2025
OCREVUS,OCRELIZUMAB,J2350,"INJECTION, OCRELIZUMAB, 1 MG",2026 (Q1),4297.0,4531,143967311.71,33504.14515,31773.849417,2026
OCREVUS ZUNOVO,OCRELIZUMAB-HYALURONIDASE-OCSQ,J2351,INJ OCRELIZUMAB 1MG HYA-OCSQ,2025 (Q1-Q4),315.0,390,14246515.57,45227.033556,36529.527103,2025
OCREVUS ZUNOVO,OCRELIZUMAB-HYALURONIDASE-OCSQ,J2351,INJ OCRELIZUMAB 1MG HYA-OCSQ,2026 (Q1),260.0,292,10444000.24,40169.231692,35767.12411,2026
OCTREOTIDE ACETATE ER*,"OCTREOTIDE ACETATE,MI-SPHERES*",J2353,"OCTREOTIDE INJECTION, DEPOT",2025 (Q1-Q4),8961.0,76199,453602768.83,50619.659506,5952.8703635,2025
OCTREOTIDE ACETATE ER*,"OCTREOTIDE ACETATE,MI-SPHERES*",J2353,"OCTREOTIDE INJECTION, DEPOT",2026 (Q1),6910.0,17897,101308537.56,14661.148706,5660.643547,2026
OCTREOTIDE ACETATE*,OCTREOTIDE ACETATE*,J2354,"OCTREOTIDE INJ, NON-DEPOT",2025 (Q1-Q4),600.5,17,25140.88,605.10741214,1478.8752941,2025
TEZSPIRE,TEZEPELUMAB-EKKO,J2356,"INJ TEZEPELUMAB-EKKO, 1MG",2025 (Q1-Q4),9670.0,79279,290085047.0,29998.453671,3659.0401872,2025
TEZSPIRE,TEZEPELUMAB-EKKO,J2356,"INJ TEZEPELUMAB-EKKO, 1MG",2026 (Q1),8274.0,20787,75173475.66,9085.5058811,3616.3696378,2026
XOLAIR,OMALIZUMAB,J2357,OMALIZUMAB INJECTION,2025 (Q1-Q4),17712.0,182723,434236084.8,24516.490786,2376.4719537,2025
XOLAIR,OMALIZUMAB,J2357,OMALIZUMAB INJECTION,2026 (Q1),13732.0,40450,108123690.0,7873.8486746,2673.0207664,2026
ZYPREXA RELPREVV,OLANZAPINE PAMOATE,J2358,OLANZAPINE LONG-ACTING INJ,2025 (Q1-Q4),160.0,216,46277.42,289.233875,214.24731481,2025
ORPHENADRINE CITRATE,ORPHENADRINE CITRATE,J2360,ORPHENADRINE INJECTION,2025 (Q1-Q4),2690.0,3846,45857.93,17.047557621,11.923538742,2025
ORPHENADRINE CITRATE,ORPHENADRINE CITRATE,J2360,ORPHENADRINE INJECTION,2026 (Q1),740.0,916,6149.0,8.3094594595,6.7128820961,2026
PHENYLEPHRINE HCL-0.9% NACL*,PHENYLEPHRINE HCL IN 0.9% NACL*,J2371,INJ PHENYLEPHRINE HCL 20 MCG,2025 (Q1-Q4),345.0,371,1883.46,5.4593043478,5.0767115903,2025
PHENYLEPHRINE HCL-0.9% NACL*,PHENYLEPHRINE HCL IN 0.9% NACL*,J2371,INJ PHENYLEPHRINE HCL 20 MCG,2026 (Q1),96.0,99,334.54,3.4847916667,3.3791919192,2026
IMMPHENTIV,PHENYLEPHRINE HCL,J2373,"INJ, IMMPHENTIV, 20 MCG",2025 (Q1-Q4),1766.0,1796,9014.44,5.1044394111,5.0191759465,2025
CHLOROPROCAINE HCL*,CHLOROPROCAINE HCL*,J2401,CHLOROPROCAINE HCL INJECTION,2025 (Q1-Q4),97.0,135,114.74,1.1828865979,0.8499259259,2025
CHLOROPROCAINE HCL*,CHLOROPROCAINE HCL*,J2401,CHLOROPROCAINE HCL INJECTION,2026 (Q1),20.0,20,1.04,0.052,0.052,2026
IHEEZO,CHLOROPROCAINE HCL,J2403,"CHLOROPROCAINE OPHT GEL, 1MG",2025 (Q1-Q4),46562.0,128008,66918368.45,1437.1884466,522.76708057,2025
IHEEZO,CHLOROPROCAINE HCL,J2403,"CHLOROPROCAINE OPHT GEL, 1MG",2026 (Q1),23020.0,37882,19588213.7,850.92153345,517.08499287,2026
ONDANSETRON HCL(J2405),ONDANSETRON HCL,J2405,ONDANSETRON HCL INJECTION,2025 (Q1-Q4),52173.0,190859,153935.64,2.9504847335,0.8065411639,2025
ONDANSETRON HCL(J2405),ONDANSETRON HCL,J2405,ONDANSETRON HCL INJECTION,2026 (Q1),17282.0,43411,35445.81,2.0510247657,0.8165167815,2026
KIMYRSA,ORITAVANCIN DIPHOSPHATE,J2406,"INJECTION, ORITAVANCIN 10 MG",2025 (Q1-Q4),933.0,1390,7117485.01,7628.6012969,5120.4928129,2025
KIMYRSA,ORITAVANCIN DIPHOSPHATE,J2406,"INJECTION, ORITAVANCIN 10 MG",2026 (Q1),91.0,133,713326.25,7838.75,5363.3552632,2026
ORBACTIV,ORITAVANCIN DIPHOSPHATE,J2407,"INJECTION, ORITAVANCIN",2025 (Q1-Q4),313.0,660,2197472.99,7020.6804792,3329.5045303,2025
ORBACTIV,ORITAVANCIN DIPHOSPHATE,J2407,"INJECTION, ORITAVANCIN",2026 (Q1),63.0,108,354351.64,5624.6292063,3281.0337037,2026
KEPIVANCE,PALIFERMIN,J2425,PALIFERMIN INJECTION,2025 (Q1-Q4),600.5,25,114077.13,605.10741214,4563.0852,2025
INVEGA SUSTENNA,PALIPERIDONE PALMITATE,J2426,"INJ, INVEGA SUSTENNA, 1 MG",2025 (Q1-Q4),1653.0,8509,17611483.39,10654.254924,2069.7477248,2025
INVEGA SUSTENNA,PALIPERIDONE PALMITATE,J2426,"INJ, INVEGA SUSTENNA, 1 MG",2026 (Q1),849.0,1926,4489417.78,5287.8890224,2330.9541952,2026
INVEGA HAFYERA*,PALIPERIDONE PALMITATE*,J2427,"INJ, INVEGA HAFYERA/TRINZA",2025 (Q1-Q4),307.0,791,4385537.97,14285.139967,5544.2957901,2025
INVEGA HAFYERA*,PALIPERIDONE PALMITATE*,J2427,"INJ, INVEGA HAFYERA/TRINZA",2026 (Q1),167.0,184,1016323.86,6085.7716168,5523.4992391,2026
ERZOFRI,PALIPERIDONE PALMITATE,J2428,"INJ, ERZOFRI, 1 MG",2025 (Q1-Q4),64.0,174,505350.09,7896.0951563,2904.3108621,2025
ERZOFRI,PALIPERIDONE PALMITATE,J2428,"INJ, ERZOFRI, 1 MG",2026 (Q1),19.0,31,74624.48,3927.6042105,2407.2412903,2026
PAMIDRONATE DISODIUM,PAMIDRONATE DISODIUM,J2430,PAMIDRONATE DISODIUM /30 MG,2025 (Q1-Q4),235.0,695,19369.47,82.423276596,27.869741007,2025
PAMIDRONATE DISODIUM,PAMIDRONATE DISODIUM,J2430,PAMIDRONATE DISODIUM /30 MG,2026 (Q1),80.0,118,3014.9,37.68625,25.55,2026
POSFREA,PALONOSETRON HCL,J2468,"INJ, PALONOSETRON (POSFREA)",2025 (Q1-Q4),8903.0,41009,23720472.78,2664.3235741,578.42114609,2025
POSFREA,PALONOSETRON HCL,J2468,"INJ, PALONOSETRON (POSFREA)",2026 (Q1),7839.0,21414,12274210.96,1565.7878505,573.18627814,2026
PALONOSETRON HCL,PALONOSETRON HCL,J2469,PALONOSETRON HCL,2025 (Q1-Q4),40339.0,232163,1113140.87,27.594657032,4.7946523348,2025
PALONOSETRON HCL,PALONOSETRON HCL,J2469,PALONOSETRON HCL,2026 (Q1),13755.0,41742,150224.82,10.921470011,3.5988888889,2026
PARICALCITOL*,PARICALCITOL*,J2501,PARICALCITOL,2025 (Q1-Q4),600.5,11,545.05,605.10741214,49.55,2025
SIGNIFOR LAR,PASIREOTIDE PAMOATE,J2502,"INJ, PASIREOTIDE LONG ACTING",2025 (Q1-Q4),13.0,118,2656509.01,204346.84692,22512.78822,2025
SIGNIFOR LAR,PASIREOTIDE PAMOATE,J2502,"INJ, PASIREOTIDE LONG ACTING",2026 (Q1),600.5,21,497304.38,605.10741214,23681.160952,2026
NEULASTA ONPRO*,PEGFILGRASTIM*,J2506,INJ PEGFILGRAST EX BIO 0.5MG,2025 (Q1-Q4),26681.0,94469,53394178.96,2001.2060627,565.20317734,2025
NEULASTA ONPRO*,PEGFILGRASTIM*,J2506,INJ PEGFILGRAST EX BIO 0.5MG,2026 (Q1),9601.0,20607,31452185.51,3275.9280815,1526.2864808,2026
KRYSTEXXA,PEGLOTICASE,J2507,PEGLOTICASE INJECTION,2025 (Q1-Q4),1130.0,11733,327927077.67,290200.95369,27949.124492,2025
KRYSTEXXA,PEGLOTICASE,J2507,PEGLOTICASE INJECTION,2026 (Q1),669.0,2633,76712666.17,114667.66244,29135.080201,2026
ELFABRIO,PEGUNIGALSIDASE ALFA-IWXJ,J2508,PEGUNIGALSIDASE ALFA-IWXJ,2025 (Q1-Q4),23.0,272,5832725.6,253596.76522,21443.844118,2025
ELFABRIO,PEGUNIGALSIDASE ALFA-IWXJ,J2508,PEGUNIGALSIDASE ALFA-IWXJ,2026 (Q1),23.0,94,1794008.72,78000.37913,19085.199149,2026
NEBUPENT(J2516)*,PENTAMIDINE ISETHIONATE*,J2516,PENTAMIDINE NON-COMP UNIT,2026 (Q1),37.0,73,5357.66,144.80162162,73.39260274,2026
PENICILLIN G POTASSIUM*,PENICILLIN G POTASSIUM*,J2540,PENICILLIN G POTASSIUM INJ,2025 (Q1-Q4),119.0,394,11562.18,97.161176471,29.345634518,2025
PENICILLIN G POTASSIUM*,PENICILLIN G POTASSIUM*,J2540,PENICILLIN G POTASSIUM INJ,2026 (Q1),19.0,42,1075.47,56.603684211,25.606428571,2026
PIPERACILLIN-TAZOBACTAM*,PIPERACILLIN SODIUM*,J2543,PIPERACILLIN/TAZOBACTAM,2025 (Q1-Q4),1170.0,4056,62611.48,53.51408547,15.436755424,2025
PIPERACILLIN-TAZOBACTAM*,PIPERACILLIN SODIUM*,J2543,PIPERACILLIN/TAZOBACTAM,2026 (Q1),285.0,873,14669.92,51.473403509,16.804032073,2026
NEBUPENT(J2545)*,PENTAMIDINE ISETHIONATE*,J2545,PENTAMIDINE NON-COMP UNIT,2025 (Q1-Q4),510.0,1957,150222.93,294.55476471,76.76184466,2025
NEBUPENT(J2545)*,PENTAMIDINE ISETHIONATE*,J2545,PENTAMIDINE NON-COMP UNIT,2026 (Q1),124.0,207,20408.74,164.5866129,98.59294686,2026
PHENERGAN*,PROMETHAZINE HCL*,J2550,PROMETHAZINE HCL INJECTION,2025 (Q1-Q4),9780.0,15768,52344.02,5.3521492843,3.3196359716,2025
PHENERGAN*,PROMETHAZINE HCL*,J2550,PROMETHAZINE HCL INJECTION,2026 (Q1),2106.0,2981,12184.96,5.7858309592,4.0875410936,2026
MOZOBIL*,PLERIXAFOR*,J2562,PLERIXAFOR INJECTION,2025 (Q1-Q4),1274.0,1929,2484382.61,1950.064843,1287.9121877,2025
MOZOBIL*,PLERIXAFOR*,J2562,PLERIXAFOR INJECTION,2026 (Q1),310.0,424,328184.06,1058.6582581,774.01900943,2026
DDAVP*,DESMOPRESSIN ACETATE*,J2597,INJ DESMOPRESSIN ACETATE,2025 (Q1-Q4),2335.0,2615,272535.31,116.71747752,104.22000382,2025
DDAVP*,DESMOPRESSIN ACETATE*,J2597,INJ DESMOPRESSIN ACETATE,2026 (Q1),43.0,49,3576.55,83.175581395,72.990816327,2026
VASOPRESSIN*,VASOPRESSIN*,J2598,"INJ, VASOPRESSIN, 1 UNIT",2025 (Q1-Q4),15.0,16,589.66,39.310666667,36.85375,2025
VASOPRESSIN-0.9% NACL,VASOPRESSIN IN 0.9 % NACL,J2601,"INJ, VASOPRESSIN (BAXTER)",2025 (Q1-Q4),244.0,244,16146.56,66.17442623,66.17442623,2025
VASOPRESSIN-0.9% NACL,VASOPRESSIN IN 0.9 % NACL,J2601,"INJ, VASOPRESSIN (BAXTER)",2026 (Q1),75.0,75,3744.78,49.9304,49.9304,2026
PROGESTERONE,PROGESTERONE,J2675,INJ PROGESTERONE PER 50 MG,2025 (Q1-Q4),140.0,852,639.25,4.5660714286,0.7502934272,2025
PROGESTERONE,PROGESTERONE,J2675,INJ PROGESTERONE PER 50 MG,2026 (Q1),78.0,200,144.09,1.8473076923,0.72045,2026
FLUPHENAZINE HCL,FLUPHENAZINE HCL,J2679,INJ FLUPHENAZINE HCL 1.25 MG,2025 (Q1-Q4),39.0,50,2859.09,73.31,57.1818,2025
FLUPHENAZINE DECANOATE,FLUPHENAZINE DECANOATE,J2680,FLUPHENAZINE DECANOATE 25 MG,2025 (Q1-Q4),239.0,1513,16369.01,68.48958159,10.818909451,2025
FLUPHENAZINE DECANOATE,FLUPHENAZINE DECANOATE,J2680,FLUPHENAZINE DECANOATE 25 MG,2026 (Q1),121.0,307,1859.02,15.363801653,6.0554397394,2026
PROCAINAMIDE HCL,PROCAINAMIDE HCL,J2690,PROCAINAMIDE HCL INJECTION,2025 (Q1-Q4),198.0,257,63885.46,322.65383838,248.58155642,2025
PROCAINAMIDE HCL,PROCAINAMIDE HCL,J2690,PROCAINAMIDE HCL INJECTION,2026 (Q1),52.0,79,24125.32,463.94846154,305.38379747,2026
OXACILLIN SODIUM*,OXACILLIN SODIUM*,J2700,OXACILLIN SODIUM INJECITON,2025 (Q1-Q4),13.0,127,12141.55,933.96538462,95.602755906,2025
DIPRIVAN*,PROPOFOL IN LIPID EMULSIONS*,J2704,"INJ, PROPOFOL, 10 MG",2025 (Q1-Q4),28322.0,37594,94470.44,3.3355850576,2.5129126988,2025
DIPRIVAN*,PROPOFOL IN LIPID EMULSIONS*,J2704,"INJ, PROPOFOL, 10 MG",2026 (Q1),6690.0,7494,20182.74,3.0168520179,2.6931865492,2026
PROTAMINE SULFATE,PROTAMINE SULFATE,J2720,INJ PROTAMINE SULFATE/10 MG,2025 (Q1-Q4),480.0,583,2511.01,5.2312708333,4.3070497427,2025
PROTAMINE SULFATE,PROTAMINE SULFATE,J2720,INJ PROTAMINE SULFATE/10 MG,2026 (Q1),109.0,116,543.58,4.9869724771,4.6860344828,2026
PHENTOLAMINE MESYLATE,PHENTOLAMINE MESYLATE,J2760,PHENTOLAINE MESYLATE INJ,2025 (Q1-Q4),607.0,701,155195.49,255.6762603,221.39156919,2025
PHENTOLAMINE MESYLATE,PHENTOLAMINE MESYLATE,J2760,PHENTOLAINE MESYLATE INJ,2026 (Q1),156.0,175,39291.87,251.87096154,224.52497143,2026
METOCLOPRAMIDE HCL,METOCLOPRAMIDE HCL,J2765,METOCLOPRAMIDE HCL INJECTION,2025 (Q1-Q4),1538.0,3076,3954.21,2.5710078023,1.2855039012,2025
METOCLOPRAMIDE HCL,METOCLOPRAMIDE HCL,J2765,METOCLOPRAMIDE HCL INJECTION,2026 (Q1),397.0,585,769.16,1.9374307305,1.3148034188,2026
VABYSMO,FARICIMAB-SVOA,J2777,"INJ, FARICIMAB-SVOA, 0.1MG",2025 (Q1-Q4),213777.0,994661,2378138734.4,11124.390063,2390.9037697,2025
VABYSMO,FARICIMAB-SVOA,J2777,"INJ, FARICIMAB-SVOA, 0.1MG",2026 (Q1),157513.0,242296,554863262.3,3522.6505895,2290.0223788,2026
LUCENTIS,RANIBIZUMAB,J2778,RANIBIZUMAB INJECTION,2025 (Q1-Q4),21507.0,82587,44798421.18,2082.9693207,542.43913909,2025
LUCENTIS,RANIBIZUMAB,J2778,RANIBIZUMAB INJECTION,2026 (Q1),9206.0,13447,4780597.29,519.29147187,355.51403956,2026
SUSVIMO,RANIBIZUMAB,J2779,"INJ, SUSVIMO 0.1 MG",2025 (Q1-Q4),493.0,818,6102918.48,12379.14499,7460.7805379,2025
SUSVIMO,RANIBIZUMAB,J2779,"INJ, SUSVIMO 0.1 MG",2026 (Q1),309.0,342,2526254.49,8175.5808738,7386.7090351,2026
SYFOVRE,PEGCETACOPLAN,J2781,"INJ, PEGCETACOPLAN, 1MG",2025 (Q1-Q4),32021.0,168366,451069360.05,14086.673122,2679.1000561,2025
SYFOVRE,PEGCETACOPLAN,J2781,"INJ, PEGCETACOPLAN, 1MG",2026 (Q1),24179.0,41654,109568082.68,4531.5390496,2630.4336361,2026
IZERVAY,AVACINCAPTAD PEGOL SODIUM,J2782,INJ AVACINCAPTAD PEGOL 0.1MG,2025 (Q1-Q4),27497.0,140741,364934587.1,13271.796454,2592.9515003,2025
IZERVAY,AVACINCAPTAD PEGOL SODIUM,J2782,INJ AVACINCAPTAD PEGOL 0.1MG,2026 (Q1),23315.0,41264,105232261.84,4513.5004006,2550.2196064,2026
ELITEK,RASBURICASE,J2783,RASBURICASE,2025 (Q1-Q4),1523.0,2227,10710762.64,7032.6740906,4809.5027571,2025
ELITEK,RASBURICASE,J2783,RASBURICASE,2026 (Q1),375.0,468,1986580.85,5297.5489333,4244.8308761,2026
LEXISCAN*,REGADENOSON*,J2785,REGADENOSON INJECTION,2025 (Q1-Q4),583372.0,588574,8094336.21,13.875085212,13.752452895,2025
LEXISCAN*,REGADENOSON*,J2785,REGADENOSON INJECTION,2026 (Q1),141709.0,142015,1479772.25,10.442330762,10.419830652,2026
CINQAIR,RESLIZUMAB,J2786,"INJECTION, RESLIZUMAB, 1MG",2025 (Q1-Q4),276.0,2498,7467810.35,27057.283877,2989.5157526,2025
CINQAIR,RESLIZUMAB,J2786,"INJECTION, RESLIZUMAB, 1MG",2026 (Q1),205.0,540,1664202.98,8118.0633171,3081.8573704,2026
HYPERRHO*,RHO(D) IMMUNE GLOBULIN*,J2790,RHO D IMMUNE GLOBULIN INJ,2025 (Q1-Q4),118.0,120,9587.08,81.246440678,79.892333333,2025
HYPERRHO*,RHO(D) IMMUNE GLOBULIN*,J2790,RHO D IMMUNE GLOBULIN INJ,2026 (Q1),28.0,29,2230.59,79.663928571,76.916896552,2026
RHOPHYLAC,RHO(D) IMMUNE GLOBULIN,J2791,RHOPHYLAC INJECTION,2025 (Q1-Q4),37.0,38,2418.93,65.376486486,63.656052632,2025
WINRHO SDF,RHO(D) IMMUNE GLOBULIN,J2792,"RHO(D) IMMUNE GLOBULIN H, SD",2025 (Q1-Q4),16.0,44,280561.4,17535.0875,6376.3954545,2025
RISPERDAL CONSTA*,RISPERIDONE MICROSPHERES*,J2794,"INJ RISPERDAL CONSTA, 0.5 MG",2025 (Q1-Q4),230.0,2512,1683517.05,7319.6393478,670.18990844,2025
RISPERDAL CONSTA*,RISPERIDONE MICROSPHERES*,J2794,"INJ RISPERDAL CONSTA, 0.5 MG",2026 (Q1),140.0,517,388387.7,2774.1978571,751.23346228,2026
NAROPIN*,ROPIVACAINE HCL*,J2795,ROPIVACAINE HCL INJECTION,2025 (Q1-Q4),14208.0,22950,55889.17,3.9336409065,2.4352579521,2025
NAROPIN*,ROPIVACAINE HCL*,J2795,ROPIVACAINE HCL INJECTION,2026 (Q1),4457.0,5366,11736.53,2.6332802333,2.1872027581,2026
PERSERIS,RISPERIDONE,J2798,"INJ., PERSERIS, 0.5 MG",2025 (Q1-Q4),41.0,178,53851.27,1313.4456098,302.53522472,2025
PERSERIS,RISPERIDONE,J2798,"INJ., PERSERIS, 0.5 MG",2026 (Q1),14.0,37,15199.21,1085.6578571,410.78945946,2026
UZEDY,RISPERIDONE,J2799,"INJ, UZEDY, 1 MG",2025 (Q1-Q4),122.0,404,587794.99,4817.9917213,1454.9380941,2025
UZEDY,RISPERIDONE,J2799,"INJ, UZEDY, 1 MG",2026 (Q1),76.0,143,206929.99,2722.7630263,1447.0628671,2026
METHOCARBAMOL*,METHOCARBAMOL*,J2800,METHOCARBAMOL INJECTION,2025 (Q1-Q4),583.0,1092,6445.71,11.056106346,5.9026648352,2025
METHOCARBAMOL*,METHOCARBAMOL*,J2800,METHOCARBAMOL INJECTION,2026 (Q1),176.0,231,1120.57,6.366875,4.850952381,2026
NPLATE,ROMIPLOSTIM,J2802,"INJ, ROMIPLOSTIM 1 MICROGRAM",2025 (Q1-Q4),7737.0,103087,429376030.07,55496.449537,4165.1811583,2025
NPLATE,ROMIPLOSTIM,J2802,"INJ, ROMIPLOSTIM 1 MICROGRAM",2026 (Q1),4727.0,24900,106700940.78,22572.655126,4285.1783446,2026
KINEVAC*,SINCALIDE*,J2805,SINCALIDE INJECTION,2025 (Q1-Q4),3021.0,3039,396055.83,131.10090367,130.32439289,2025
KINEVAC*,SINCALIDE*,J2805,SINCALIDE INJECTION,2026 (Q1),653.0,654,72719.85,111.36271057,111.19243119,2026
LEUKINE,SARGRAMOSTIM,J2820,SARGRAMOSTIM INJECTION,2025 (Q1-Q4),132.0,1749,917413.69,6950.1037121,524.53612922,2025
LEUKINE,SARGRAMOSTIM,J2820,SARGRAMOSTIM INJECTION,2026 (Q1),52.0,392,227489.8,4374.8038462,580.33112245,2026
SYLVANT,SILTUXIMAB,J2860,"INJECTION, SILTUXIMAB",2025 (Q1-Q4),91.0,816,13614702.2,149612.11209,16684.684069,2025
SYLVANT,SILTUXIMAB,J2860,"INJECTION, SILTUXIMAB",2026 (Q1),77.0,202,3353637.73,43553.736753,16602.16698,2026
FERRLECIT*,SODIUM FERRIC GLUCONAT*,J2916,NA FERRIC GLUCONATE COMPLEX,2025 (Q1-Q4),2039.0,11553,213000.47,104.46320255,18.436810352,2025
FERRLECIT*,SODIUM FERRIC GLUCONAT*,J2916,NA FERRIC GLUCONATE COMPLEX,2026 (Q1),668.0,2139,42059.64,62.963532934,19.663225806,2026
METHYLPREDNISOLONE SODIUM SUCC*,METHYLPREDNISOLONE SOD SUCC*,J2919,"INJ, METHYLPRED SOD SUCC 5MG",2025 (Q1-Q4),327508.0,587685,3666069.5,11.193831906,6.238153943,2025
METHYLPREDNISOLONE SODIUM SUCC*,METHYLPREDNISOLONE SOD SUCC*,J2919,"INJ, METHYLPRED SOD SUCC 5MG",2026 (Q1),41366.0,61362,358457.66,8.6655141904,5.8416880154,2026
ACTIVASE*,ALTEPLASE*,J2997,ALTEPLASE RECOMBINANT,2025 (Q1-Q4),37388.0,57644,15805083.8,422.73145929,274.18436958,2025
ACTIVASE*,ALTEPLASE*,J2997,ALTEPLASE RECOMBINANT,2026 (Q1),11054.0,13490,3490673.44,315.78373801,258.76007709,2026
STREPTOMYCIN SULFATE,STREPTOMYCIN SULFATE,J3000,STREPTOMYCIN INJECTION,2025 (Q1-Q4),114.0,159,4712.15,41.334649123,29.636163522,2025
STREPTOMYCIN SULFATE,STREPTOMYCIN SULFATE,J3000,STREPTOMYCIN INJECTION,2026 (Q1),29.0,32,1066.88,36.788965517,33.34,2026
FENTANYL CITRATE,FENTANYL CITRATE,J3010,FENTANYL CITRATE INJECTION,2025 (Q1-Q4),38620.0,52552,219161.05,5.6748070948,4.1703655427,2025
FENTANYL CITRATE,FENTANYL CITRATE,J3010,FENTANYL CITRATE INJECTION,2026 (Q1),10615.0,11877,57111.33,5.3802477626,4.8085652943,2026
VYEPTI,EPTINEZUMAB-JJMR,J3032,INJ. EPTINEZUMAB-JJMR 1 MG,2025 (Q1-Q4),8418.0,24066,107427210.83,12761.607369,4463.8581746,2025
VYEPTI,EPTINEZUMAB-JJMR,J3032,INJ. EPTINEZUMAB-JJMR 1 MG,2026 (Q1),6571.0,6673,31966867.17,4864.8405372,4790.4791203,2026
TALVEY,TALQUETAMAB-TGVS,J3055,INJ TALQUETAMAB-TGVS 0.25 MG,2025 (Q1-Q4),990.0,7624,137208069.54,138594.00964,17996.861167,2025
TALVEY,TALQUETAMAB-TGVS,J3055,INJ TALQUETAMAB-TGVS 0.25 MG,2026 (Q1),640.0,2180,40405817.84,63134.090375,18534.778826,2026
ELELYSO,TALIGLUCERASE ALFA,J3060,"INJ, TALIGLUCERASE ALFA 10 U",2025 (Q1-Q4),600.5,172,4244744.88,605.10741214,24678.749302,2025
ELELYSO,TALIGLUCERASE ALFA,J3060,"INJ, TALIGLUCERASE ALFA 10 U",2026 (Q1),11.0,41,871526.96,79229.723636,21256.755122,2026
SIVEXTRO,TEDIZOLID PHOSPHATE,J3090,INJ TEDIZOLID PHOSPHATE,2025 (Q1-Q4),15.0,135,48405.18,3227.012,358.55688889,2025
SIVEXTRO,TEDIZOLID PHOSPHATE,J3090,INJ TEDIZOLID PHOSPHATE,2026 (Q1),600.5,58,21263.81,605.10741214,366.61741379,2026
VIBATIV,TELAVANCIN HCL,J3095,TELAVANCIN INJECTION,2025 (Q1-Q4),123.0,1010,993544.07,8077.594065,983.707,2025
VIBATIV,TELAVANCIN HCL,J3095,TELAVANCIN INJECTION,2026 (Q1),24.0,131,109166.23,4548.5929167,833.33,2026
TNKASE,TENECTEPLASE,J3101,TENECTEPLASE INJECTION,2025 (Q1-Q4),4557.0,4568,34896132.45,7657.6985846,7639.2584173,2025
TNKASE,TENECTEPLASE,J3101,TENECTEPLASE INJECTION,2026 (Q1),1067.0,1069,8358200.91,7833.3654264,7818.7099252,2026
TERBUTALINE SULFATE,TERBUTALINE SULFATE,J3105,TERBUTALINE SULFATE INJ,2025 (Q1-Q4),16.0,30,87.53,5.470625,2.9176666667,2025
EVENITY (2 SYRINGES),ROMOSOZUMAB-AQQG,J3111,INJ. ROMOSOZUMAB-AQQG 1 MG,2025 (Q1-Q4),68516.0,377775,911554619.83,13304.259149,2412.9564419,2025
EVENITY (2 SYRINGES),ROMOSOZUMAB-AQQG,J3111,INJ. ROMOSOZUMAB-AQQG 1 MG,2026 (Q1),47458.0,106087,263637298.62,5555.1708589,2485.1046652,2026
TESTOSTERONE ENANTHATE,TESTOSTERONE ENANTHATE,J3121,INJ TESTOSTERO ENANTHATE 1MG,2025 (Q1-Q4),382.0,2829,15257.2,39.940314136,5.3931424532,2025
TESTOSTERONE ENANTHATE,TESTOSTERONE ENANTHATE,J3121,INJ TESTOSTERO ENANTHATE 1MG,2026 (Q1),172.0,558,3146.0,18.290697674,5.6379928315,2026
AVEED,TESTOSTERONE UNDECANOATE,J3145,TESTOSTERONE UNDECANOATE 1MG,2025 (Q1-Q4),3901.0,14924,21447703.54,5498.0014201,1437.128353,2025
AVEED,TESTOSTERONE UNDECANOATE,J3145,TESTOSTERONE UNDECANOATE 1MG,2026 (Q1),2712.0,3421,5118264.61,1887.2657117,1496.1311342,2026
CHLORPROMAZINE HCL,CHLORPROMAZINE HCL,J3230,CHLORPROMAZINE HCL INJECTION,2025 (Q1-Q4),14.0,14,462.84,33.06,33.06,2025
THYROGEN,THYROTROPIN ALFA,J3240,THYROTROPIN INJECTION,2025 (Q1-Q4),2863.0,4904,12546072.48,4382.1419769,2558.3345188,2025
THYROGEN,THYROTROPIN ALFA,J3240,THYROTROPIN INJECTION,2026 (Q1),732.0,1175,3031868.83,4141.8973087,2580.3138979,2026
TEPEZZA,TEPROTUMUMAB-TRBW,J3241,INJ. TEPROTUMUMAB-TRBW 10 MG,2025 (Q1-Q4),813.0,4331,220661082.49,271415.84562,50949.222464,2025
TEPEZZA,TEPROTUMUMAB-TRBW,J3241,INJ. TEPROTUMUMAB-TRBW 10 MG,2026 (Q1),363.0,985,50563326.91,139292.9116,51333.326812,2026
TIGECYCLINE*,TIGECYCLINE*,J3243,TIGECYCLINE INJECTION,2025 (Q1-Q4),31.0,490,15615.26,503.71806452,31.867877551,2025
TIGECYCLINE*,TIGECYCLINE*,J3243,TIGECYCLINE INJECTION,2026 (Q1),600.5,28,940.1,605.10741214,33.575,2026
ILUMYA,TILDRAKIZUMAB-ASMN,J3245,"INJ., TILDRAKIZUMAB, 1 MG",2025 (Q1-Q4),10291.0,35096,443363996.96,43082.69332,12632.892551,2025
ILUMYA,TILDRAKIZUMAB-ASMN,J3245,"INJ., TILDRAKIZUMAB, 1 MG",2026 (Q1),7966.0,8549,103486369.51,12991.007973,12105.084748,2026
COSENTYX,SECUKINUMAB,J3247,INJ SECUKINUMAB INTRAV 1MG,2025 (Q1-Q4),6301.0,43535,176030811.87,27936.964271,4043.4319943,2025
COSENTYX,SECUKINUMAB,J3247,INJ SECUKINUMAB INTRAV 1MG,2026 (Q1),4951.0,12030,48680222.28,9832.4019956,4046.5687681,2026
TIGAN,TRIMETHOBENZAMIDE HCL,J3250,TRIMETHOBENZAMIDE HCL INJ,2025 (Q1-Q4),193.0,257,10827.55,56.101295337,42.130544747,2025
TIGAN,TRIMETHOBENZAMIDE HCL,J3250,TRIMETHOBENZAMIDE HCL INJ,2026 (Q1),30.0,31,1366.63,45.554333333,44.08483871,2026
TOBRAMYCIN SULFATE,TOBRAMYCIN SULFATE,J3260,TOBRAMYCIN SULFATE INJECTION,2025 (Q1-Q4),6112.0,10305,61812.27,10.113264071,5.998279476,2025
TOBRAMYCIN SULFATE,TOBRAMYCIN SULFATE,J3260,TOBRAMYCIN SULFATE INJECTION,2026 (Q1),1341.0,1945,12254.27,9.138158091,6.3003958869,2026
ACTEMRA(J3262),TOCILIZUMAB,J3262,TOCILIZUMAB INJECTION,2025 (Q1-Q4),20558.0,159816,458896264.05,22322.028604,2871.4037646,2025
ACTEMRA(J3262),TOCILIZUMAB,J3262,TOCILIZUMAB INJECTION,2026 (Q1),15087.0,36246,99701280.47,6608.4231769,2750.6836746,2026
LOQTORZI,TORIPALIMAB-TPZI,J3263,"INJ, TORIPALIMAB-TPZI, 1 MG",2025 (Q1-Q4),115.0,713,6872146.72,59757.797565,9638.354446,2025
LOQTORZI,TORIPALIMAB-TPZI,J3263,"INJ, TORIPALIMAB-TPZI, 1 MG",2026 (Q1),82.0,234,2346830.02,28619.878293,10029.18812,2026
REMODULIN*,TREPROSTINIL SODIUM*,J3285,TREPROSTINIL INJECTION,2025 (Q1-Q4),841.0,11818,111148523.39,132162.33459,9405.0197487,2025
REMODULIN*,TREPROSTINIL SODIUM*,J3285,TREPROSTINIL INJECTION,2026 (Q1),631.0,2534,22851092.09,36214.09206,9017.7948264,2026
XIPERE,TRIAMCINOLONE ACETONIDE,J3299,INJ XIPERE 1 MG,2025 (Q1-Q4),1329.0,2142,3458444.89,2602.2911136,1614.5867834,2025
XIPERE,TRIAMCINOLONE ACETONIDE,J3299,INJ XIPERE 1 MG,2026 (Q1),452.0,487,787567.58,1742.4061504,1617.1818891,2026
TRIESENCE,TRIAMCINOLONE ACETONIDE,J3300,TRIAMCINOLONE A INJ PRS-FREE,2025 (Q1-Q4),14818.0,26871,15683469.52,1058.4066352,583.65782889,2025
TRIESENCE,TRIAMCINOLONE ACETONIDE,J3300,TRIAMCINOLONE A INJ PRS-FREE,2026 (Q1),7244.0,9687,7370815.85,1017.5063294,760.89768246,2026
KENALOG-10*,TRIAMCINOLONE ACETONIDE*,J3301,TRIAMCINOLONE ACET INJ NOS,2025 (Q1-Q4),2224990.0,3712172,15657934.2,7.0373054261,4.2179980346,2025
KENALOG-10*,TRIAMCINOLONE ACETONIDE*,J3301,TRIAMCINOLONE ACET INJ NOS,2026 (Q1),728870.0,813059,2920813.06,4.0073168878,3.5923752889,2026
ZILRETTA,TRIAMCINOLONE ACETONIDE,J3304,INJ TRIAMCINOLONE ACE XR 1MG,2025 (Q1-Q4),48925.0,88459,65897963.81,1346.9180135,744.9548809,2025
ZILRETTA,TRIAMCINOLONE ACETONIDE,J3304,INJ TRIAMCINOLONE ACE XR 1MG,2026 (Q1),19542.0,20149,15397331.21,787.90969246,764.17346816,2026
TRELSTAR,TRIPTORELIN PAMOATE,J3315,TRIPTORELIN PAMOATE,2025 (Q1-Q4),4247.0,9632,15789894.67,3717.8937297,1639.3163071,2025
TRELSTAR,TRIPTORELIN PAMOATE,J3315,TRIPTORELIN PAMOATE,2026 (Q1),2178.0,2409,3849085.85,1767.2570478,1597.7940432,2026
STELARA(J3357)*,USTEKINUMAB*,J3357,"USTEKINUMAB SUB CU INJ, 1 MG",2025 (Q1-Q4),230.0,965,10542699.99,45837.826043,10925.07771,2025
STELARA(J3357)*,USTEKINUMAB*,J3357,"USTEKINUMAB SUB CU INJ, 1 MG",2026 (Q1),17.0,19,94570.44,5562.9670588,4977.3915789,2026
STELARA(J3358)*,USTEKINUMAB*,J3358,"USTEKINUMAB, IV INJECT, 1 MG",2025 (Q1-Q4),1032.0,1252,5855626.8,5674.0569767,4677.0182109,2025
STELARA(J3358)*,USTEKINUMAB*,J3358,"USTEKINUMAB, IV INJECT, 1 MG",2026 (Q1),155.0,173,742104.2,4787.7690323,4289.6196532,2026
DIAZEPAM,DIAZEPAM,J3360,DIAZEPAM INJECTION,2025 (Q1-Q4),987.0,1862,20536.94,20.807436677,11.029505908,2025
DIAZEPAM,DIAZEPAM,J3360,DIAZEPAM INJECTION,2026 (Q1),271.0,361,3867.43,14.27095941,10.713102493,2026
VANCOMYCIN HCL-0.9% NACL(J3370)*,VANCOMYCIN*,J3370,VANCOMYCIN HCL INJECTION,2025 (Q1-Q4),2477.0,7348,62420.15,25.199899071,8.4948489385,2025
VANCOMYCIN HCL(J3371),VANCOMYCIN HCL,J3371,"INJ, VANCOMYCIN HCL (MYLAN)",2025 (Q1-Q4),12.0,17,1644.16,137.01333333,96.715294118,2025
VANCOMYCIN HCL(J3372),VANCOMYCIN,J3372,"INJ, VANCOMYCIN HCL (XELLIA)",2025 (Q1-Q4),13.0,18,668.22,51.401538462,37.123333333,2025
VANCOMYCIN HCL-0.9% NACL(J3373)*,VANCOMYCIN*,J3373,"INJ, VANCOMYCIN HCL, 10 MG",2025 (Q1-Q4),2309.0,6449,61741.37,26.739441317,9.5737897348,2025
VANCOMYCIN HCL-0.9% NACL(J3373)*,VANCOMYCIN*,J3373,"INJ, VANCOMYCIN HCL, 10 MG",2026 (Q1),1131.0,2740,16040.79,14.182838196,5.8543029197,2026
VANCOMYCIN HCL(J3374),VANCOMYCIN HCL,J3374,"INJ, VANCOMYCIN (MYLAN) 10MG",2025 (Q1-Q4),49.0,94,3453.41,70.477755102,36.738404255,2025
VANCOMYCIN HCL(J3374),VANCOMYCIN HCL,J3374,"INJ, VANCOMYCIN (MYLAN) 10MG",2026 (Q1),32.0,38,1127.72,35.24125,29.676842105,2026
TYZAVAN*,VANCOMYCIN*,J3375,INJ VANCOMYCIN (XELLIA) 10MG,2025 (Q1-Q4),29.0,90,5115.28,176.38896552,56.836444444,2025
TYZAVAN*,VANCOMYCIN*,J3375,INJ VANCOMYCIN (XELLIA) 10MG,2026 (Q1),12.0,35,1109.67,92.4725,31.704857143,2026
VALPROATE SODIUM,VALPROIC ACID (AS SODIUM SALT),J3379,"INJ, VALPROATE SOD, 5 MG",2026 (Q1),52.0,79,414.28,7.9669230769,5.2440506329,2026
ENTYVIO,VEDOLIZUMAB,J3380,INJ VEDOLIZUMAB IV 1 MG,2025 (Q1-Q4),20313.0,120982,764949801.11,37658.140162,6322.8397705,2025
ENTYVIO,VEDOLIZUMAB,J3380,INJ VEDOLIZUMAB IV 1 MG,2026 (Q1),16201.0,28749,180784149.9,11158.826609,6288.36307,2026
VPRIV,VELAGLUCERASE ALFA,J3385,VELAGLUCERASE ALFA,2025 (Q1-Q4),107.0,1992,32291882.52,301793.29458,16210.784398,2025
VPRIV,VELAGLUCERASE ALFA,J3385,VELAGLUCERASE ALFA,2026 (Q1),94.0,474,7610526.39,80963.046702,16055.962848,2026
VISUDYNE,VERTEPORFIN,J3396,VERTEPORFIN INJECTION,2025 (Q1-Q4),806.0,901,1487400.51,1845.410062,1650.8329745,2025
VISUDYNE,VERTEPORFIN,J3396,VERTEPORFIN INJECTION,2026 (Q1),188.0,190,317817.34,1690.517766,1672.7228421,2026
HYDROXYZINE HCL,HYDROXYZINE HCL,J3410,HYDROXYZINE HCL INJECTION,2025 (Q1-Q4),122.0,165,3245.88,26.60557377,19.672,2025
HYDROXYZINE HCL,HYDROXYZINE HCL,J3410,HYDROXYZINE HCL INJECTION,2026 (Q1),17.0,20,391.37,23.021764706,19.5685,2026
THIAMINE HCL,THIAMINE HCL,J3411,THIAMINE HCL 100 MG,2025 (Q1-Q4),3666.0,30852,131962.24,35.99624659,4.2772669519,2025
THIAMINE HCL,THIAMINE HCL,J3411,THIAMINE HCL 100 MG,2026 (Q1),1649.0,6638,23626.6,14.327835052,3.5592949684,2026
PYRIDOXINE HCL,PYRIDOXINE HCL (VITAMIN B6),J3415,PYRIDOXINE HCL 100 MG,2025 (Q1-Q4),5706.0,56044,1162925.01,203.80739748,20.750214296,2025
PYRIDOXINE HCL,PYRIDOXINE HCL (VITAMIN B6),J3415,PYRIDOXINE HCL 100 MG,2026 (Q1),2656.0,12475,283322.57,106.67265437,22.711228056,2026
CYANOCOBALAMIN INJECTION*,CYANOCOBALAMIN (VITAMIN B-12)*,J3420,VITAMIN B12 INJECTION,2025 (Q1-Q4),360124.0,1519926,1434007.36,3.9819822061,0.9434718269,2025
CYANOCOBALAMIN INJECTION*,CYANOCOBALAMIN (VITAMIN B-12)*,J3420,VITAMIN B12 INJECTION,2026 (Q1),171340.0,343052,219224.56,1.2794709934,0.6390417779,2026
HYDROXOCOBALAMIN,HYDROXOCOBALAMIN,J3425,HYDROXOCOBALAMIN IM 10MCG,2025 (Q1-Q4),603.0,3747,76.01,0.126053068,0.0202855618,2025
HYDROXOCOBALAMIN,HYDROXOCOBALAMIN,J3425,HYDROXOCOBALAMIN IM 10MCG,2026 (Q1),281.0,1171,20.01,0.0712099644,0.017087959,2026
PHYTONADIONE*,PHYTONADIONE (VIT K1)*,J3430,VITAMIN K PHYTONADIONE INJ,2025 (Q1-Q4),166.0,335,5772.38,34.773373494,17.230985075,2025
PHYTONADIONE*,PHYTONADIONE (VIT K1)*,J3430,VITAMIN K PHYTONADIONE INJ,2026 (Q1),21.0,39,874.12,41.624761905,22.413333333,2026
VFEND IV*,VORICONAZOLE*,J3465,"INJECTION, VORICONAZOLE",2025 (Q1-Q4),64.0,341,4281.63,66.90046875,12.556099707,2025
VFEND IV*,VORICONAZOLE*,J3465,"INJECTION, VORICONAZOLE",2026 (Q1),12.0,28,119.85,9.9875,4.2803571429,2026
AMPHADASE,HYALURONIDASE,J3470,HYALURONIDASE INJECTION,2025 (Q1-Q4),136.0,168,9781.01,71.919191176,58.220297619,2025
AMPHADASE,HYALURONIDASE,J3470,HYALURONIDASE INJECTION,2026 (Q1),43.0,45,1403.82,32.646976744,31.196,2026
HYLENEX,"HYALURONIDASE, HUMAN RECOMB.",J3473,HYALURONIDASE RECOMBINANT,2025 (Q1-Q4),401.0,456,28096.45,70.0659601,61.61502193,2025
HYLENEX,"HYALURONIDASE, HUMAN RECOMB.",J3473,HYALURONIDASE RECOMBINANT,2026 (Q1),101.0,109,6015.69,59.561287129,55.189816514,2026
MAGNESIUM SULFATE-D5W*,MAGNESIUM SULFATE*,J3475,INJ MAGNESIUM SULFATE,2025 (Q1-Q4),19451.0,112184,203737.12,10.474377667,1.8160978393,2025
MAGNESIUM SULFATE-D5W*,MAGNESIUM SULFATE*,J3475,INJ MAGNESIUM SULFATE,2026 (Q1),7821.0,26029,38597.85,4.935155351,1.4828787122,2026
POTASSIUM CHLORIDE-0.45% NACL*,POTASSIUM CHLORIDE-0.45% NACL*,J3480,INJ POTASSIUM CHLORIDE,2025 (Q1-Q4),10622.0,37686,58968.42,5.5515364338,1.5647301385,2025
POTASSIUM CHLORIDE-0.45% NACL*,POTASSIUM CHLORIDE-0.45% NACL*,J3480,INJ POTASSIUM CHLORIDE,2026 (Q1),3352.0,8536,11681.73,3.4850029833,1.3685250703,2026
RECLAST*,ZOLEDRONIC ACID*,J3489,ZOLEDRONIC ACID 1MG,2025 (Q1-Q4),103151.0,147102,4161044.53,40.339352309,28.2867978,2025
RECLAST*,ZOLEDRONIC ACID*,J3489,ZOLEDRONIC ACID 1MG,2026 (Q1),30769.0,34241,779543.2,25.335344015,22.766367805,2026
SODIUM CHLORIDE(J7030),0.9 % SODIUM CHLORIDE,J7030,NORMAL SALINE SOLUTION INFUS,2025 (Q1-Q4),80269.0,252743,618429.4,7.704461249,2.4468705365,2025
SODIUM CHLORIDE(J7030),0.9 % SODIUM CHLORIDE,J7030,NORMAL SALINE SOLUTION INFUS,2026 (Q1),24633.0,59637,124558.11,5.0565546219,2.0886045576,2026
SODIUM CHLORIDE(J7040),0.9 % SODIUM CHLORIDE,J7040,NORMAL SALINE SOLUTION INFUS,2025 (Q1-Q4),52685.0,172203,253258.2,4.8070266679,1.4706956325,2025
SODIUM CHLORIDE(J7040),0.9 % SODIUM CHLORIDE,J7040,NORMAL SALINE SOLUTION INFUS,2026 (Q1),17657.0,40325,60184.29,3.4085229654,1.4924808431,2026
DEXTROSE 5%-0.9% NACL,DEXTROSE 5 % AND 0.9 % NACL,J7042,5% DEXTROSE/NORMAL SALINE,2025 (Q1-Q4),1881.0,6035,11491.15,6.1090643275,1.904084507,2025
DEXTROSE 5%-0.9% NACL,DEXTROSE 5 % AND 0.9 % NACL,J7042,5% DEXTROSE/NORMAL SALINE,2026 (Q1),543.0,1276,2351.4,4.3303867403,1.8427899687,2026
SODIUM CHLORIDE(J7050),0.9 % SODIUM CHLORIDE,J7050,NORMAL SALINE SOLUTION INFUS,2025 (Q1-Q4),85765.0,324808,312651.09,3.6454391652,0.9625720118,2025
SODIUM CHLORIDE(J7050),0.9 % SODIUM CHLORIDE,J7050,NORMAL SALINE SOLUTION INFUS,2026 (Q1),32979.0,73055,71508.19,2.1682946724,0.9788267743,2026
DEXTROSE IN WATER(J7060),DEXTROSE 5 % IN WATER,J7060,5% DEXTROSE/WATER,2025 (Q1-Q4),3203.0,15234,42317.85,13.211941929,2.7778554549,2025
DEXTROSE IN WATER(J7060),DEXTROSE 5 % IN WATER,J7060,5% DEXTROSE/WATER,2026 (Q1),1315.0,3615,9430.69,7.1716273764,2.6087662517,2026
DEXTROSE IN WATER(J7070),DEXTROSE 5 % IN WATER,J7070,D5W INFUSION,2025 (Q1-Q4),434.0,1239,4708.94,10.850092166,3.8005972559,2025
DEXTROSE IN WATER(J7070),DEXTROSE 5 % IN WATER,J7070,D5W INFUSION,2026 (Q1),138.0,225,808.79,5.8607971014,3.5946222222,2026
LACTATED RINGERS,"RINGER'S SOLUTION,LACTATED",J7120,RINGERS LACTATE INFUSION,2025 (Q1-Q4),7763.0,18317,48868.24,6.2950199665,2.6679172354,2025
LACTATED RINGERS,"RINGER'S SOLUTION,LACTATED",J7120,RINGERS LACTATE INFUSION,2026 (Q1),2363.0,4078,10925.28,4.6234786289,2.6790779794,2026
HEMLIBRA,EMICIZUMAB-KXWH,J7170,"INJ., EMICIZUMAB-KXWH 0.5 MG",2025 (Q1-Q4),441.0,5734,245875098.19,557539.90519,42880.205474,2025
HEMLIBRA,EMICIZUMAB-KXWH,J7170,"INJ., EMICIZUMAB-KXWH 0.5 MG",2026 (Q1),370.0,1352,58537117.43,158208.42549,43296.68449,2026
ADZYNMA,"ADAMTS13, RECOMBINANT-KRHN",J7171,"INJ, ADZYNMA, 10 IU",2025 (Q1-Q4),20.0,325,4649228.16,232461.408,14305.317415,2025
ADZYNMA,"ADAMTS13, RECOMBINANT-KRHN",J7171,"INJ, ADZYNMA, 10 IU",2026 (Q1),13.0,68,1142501.63,87884.740769,16801.494559,2026
HYMPAVZI PEN,MARSTACIMAB-HNCQ,J7172,"INJ MARSTACIM-HNCQ, 0.5 MG",2025 (Q1-Q4),600.5,25,1402256.12,605.10741214,56090.2448,2025
HYMPAVZI PEN,MARSTACIMAB-HNCQ,J7172,"INJ MARSTACIM-HNCQ, 0.5 MG",2026 (Q1),600.5,12,521453.54,605.10741214,43454.461667,2026
ALHEMO PEN,CONCIZUMAB-MTCI,J7173,"INJ. CONCIZUMAB-MTCI, 0.5 MG",2025 (Q1-Q4),600.5,30,1567604.44,605.10741214,52253.481333,2025
ALHEMO PEN,CONCIZUMAB-MTCI,J7173,"INJ. CONCIZUMAB-MTCI, 0.5 MG",2026 (Q1),600.5,20,1105044.21,605.10741214,55252.2105,2026
COAGADEX,COAGULATION FACTOR X,J7175,"INJ, FACTOR X, (HUMAN), 1IU",2025 (Q1-Q4),600.5,151,6454083.84,605.10741214,42742.277086,2025
COAGADEX,COAGULATION FACTOR X,J7175,"INJ, FACTOR X, (HUMAN), 1IU",2026 (Q1),600.5,14,737369.53,605.10741214,52669.252143,2026
FIBRYGA,FIBRINOGEN,J7177,"INJ., FIBRYGA, 1 MG",2025 (Q1-Q4),600.5,115,766038.95,605.10741214,6661.2082609,2025
FIBRYGA,FIBRINOGEN,J7177,"INJ., FIBRYGA, 1 MG",2026 (Q1),600.5,27,178728.29,605.10741214,6619.5662963,2026
RIASTAP,FIBRINOGEN,J7178,INJ HUMAN FIBRINOGEN CON NOS,2025 (Q1-Q4),600.5,22,177136.82,605.10741214,8051.6736364,2025
VONVENDI,VON WILLEBRAND FACTOR,J7179,VONVENDI INJ 1 IU VWF:RCO,2025 (Q1-Q4),72.0,592,19897665.71,276356.46819,33610.921807,2025
VONVENDI,VON WILLEBRAND FACTOR,J7179,VONVENDI INJ 1 IU VWF:RCO,2026 (Q1),49.0,157,4704779.19,96015.901837,29966.746433,2026
CORIFACT,FACTOR XIII,J7180,FACTOR XIII ANTI-HEM FACTOR,2025 (Q1-Q4),600.5,105,2700153.49,605.10741214,25715.747524,2025
CORIFACT,FACTOR XIII,J7180,FACTOR XIII ANTI-HEM FACTOR,2026 (Q1),600.5,19,532273.17,605.10741214,28014.377368,2026
TRETTEN,"FACTOR XIII A-SUBUNIT,RECOMB",J7181,FACTOR XIII RECOMB A-SUBUNIT,2025 (Q1-Q4),600.5,74,3975303.54,605.10741214,53720.318108,2025
TRETTEN,"FACTOR XIII A-SUBUNIT,RECOMB",J7181,FACTOR XIII RECOMB A-SUBUNIT,2026 (Q1),600.5,22,1088758.94,605.10741214,49489.042727,2026
NOVOEIGHT,"ANTIHEMOPH.FVIII,B-DOM TRUNCAT",J7182,FACTOR VIII RECOMB NOVOEIGHT,2025 (Q1-Q4),17.0,63,2089129.27,122889.95706,33160.782063,2025
NOVOEIGHT,"ANTIHEMOPH.FVIII,B-DOM TRUNCAT",J7182,FACTOR VIII RECOMB NOVOEIGHT,2026 (Q1),600.5,16,581887.36,605.10741214,36367.96,2026
WILATE,ANTIHEMOPHILIC FACTOR,J7183,WILATE INJECTION,2025 (Q1-Q4),65.0,326,4709204.47,72449.299538,14445.412485,2025
WILATE,ANTIHEMOPHILIC FACTOR,J7183,WILATE INJECTION,2026 (Q1),21.0,73,943096.08,44909.337143,12919.124384,2026
XYNTHA SOLOFUSE*,"ANTIHEMOPH.FVIII,B-DOMAIN DEL*",J7185,XYNTHA INJ,2025 (Q1-Q4),60.0,234,5680889.42,94681.490333,24277.305214,2025
XYNTHA SOLOFUSE*,"ANTIHEMOPH.FVIII,B-DOMAIN DEL*",J7185,XYNTHA INJ,2026 (Q1),21.0,37,1070395.82,50971.229524,28929.616757,2026
ALPHANATE,ANTIHEMOPHILIC FACTOR,J7186,ANTIHEMOPHILIC VIII/VWF COMP,2025 (Q1-Q4),31.0,103,2345814.46,75671.434194,22774.89767,2025
ALPHANATE,ANTIHEMOPHILIC FACTOR,J7186,ANTIHEMOPHILIC VIII/VWF COMP,2026 (Q1),14.0,32,474876.3,33919.735714,14839.884375,2026
HUMATE-P,ANTIHEMOPHILIC FACTOR,J7187,"HUMATE-P, INJ",2025 (Q1-Q4),318.0,1552,33190050.22,104371.22711,21385.341637,2025
HUMATE-P,ANTIHEMOPHILIC FACTOR,J7187,"HUMATE-P, INJ",2026 (Q1),129.0,315,7445809.56,57719.453953,23637.490667,2026
NOVOSEVEN RT,"COAGULATION FACTOR VIIA,RECOMB",J7189,FACTOR VIIA RECOMB NOVOSEVEN,2025 (Q1-Q4),107.0,702,43430361.53,405891.22925,61866.611866,2025
NOVOSEVEN RT,"COAGULATION FACTOR VIIA,RECOMB",J7189,FACTOR VIIA RECOMB NOVOSEVEN,2026 (Q1),35.0,114,5326665.42,152190.44057,46725.135263,2026
HEMOFIL M*,"ANTIHEMOPHILIC FACTOR, HUMAN*",J7190,FACTOR VIII,2025 (Q1-Q4),46.0,345,13439372.56,292160.27304,38954.703072,2025
HEMOFIL M*,"ANTIHEMOPHILIC FACTOR, HUMAN*",J7190,FACTOR VIII,2026 (Q1),14.0,72,2660690.51,190049.32214,36954.034861,2026
ADVATE*,"ANTIHEMOPHIL.FVIII,FULL LENGTH*",J7192,FACTOR VIII RECOMBINANT NOS,2025 (Q1-Q4),395.0,1897,47840734.03,121115.78235,25219.153416,2025
ADVATE*,"ANTIHEMOPHIL.FVIII,FULL LENGTH*",J7192,FACTOR VIII RECOMBINANT NOS,2026 (Q1),157.0,424,9332061.74,59439.883694,22009.579575,2026
ALPHANINE SD,FACTOR IX,J7193,FACTOR IX NON-RECOMBINANT,2025 (Q1-Q4),18.0,86,2425492.71,134749.595,28203.403605,2025
ALPHANINE SD,FACTOR IX,J7193,FACTOR IX NON-RECOMBINANT,2026 (Q1),600.5,20,450047.33,605.10741214,22502.3665,2026
BENEFIX,FACTOR IX HUMAN RECOMBINANT,J7195,FACTOR IX RECOMBINANT NOS,2025 (Q1-Q4),259.0,1020,31630406.84,122125.12293,31010.202784,2025
BENEFIX,FACTOR IX HUMAN RECOMBINANT,J7195,FACTOR IX RECOMBINANT NOS,2026 (Q1),74.0,193,6210783.57,83929.507703,32180.225751,2026
THROMBATE III,ANTITHROMBIN III (PLASMA DER),J7197,ANTITHROMBIN III INJECTION,2025 (Q1-Q4),600.5,11,88502.3,605.10741214,8045.6636364,2025
FEIBA,ANTI-INHIBITOR COAGULANT COMP.,J7198,ANTI-INHIBITOR,2025 (Q1-Q4),130.0,228,5810042.25,44692.632692,25482.641447,2025
FEIBA,ANTI-INHIBITOR COAGULANT COMP.,J7198,ANTI-INHIBITOR,2026 (Q1),31.0,40,829975.4,26773.4,20749.385,2026
RIXUBIS,FACTOR IX HUMAN RECOMBINANT,J7200,FACTOR IX RECOMBINAN RIXUBIS,2025 (Q1-Q4),600.5,287,13011599.5,605.10741214,45336.583624,2025
RIXUBIS,FACTOR IX HUMAN RECOMBINANT,J7200,FACTOR IX RECOMBINAN RIXUBIS,2026 (Q1),11.0,65,3281535.05,298321.36818,50485.154615,2026
ALPROLIX,"FACTOR IX REC, FC FUSION PROTN",J7201,FACTOR IX ALPROLIX RECOMB,2025 (Q1-Q4),93.0,1399,68700249.17,738712.35667,49106.682752,2025
ALPROLIX,"FACTOR IX REC, FC FUSION PROTN",J7201,FACTOR IX ALPROLIX RECOMB,2026 (Q1),59.0,317,15582345.23,264107.54627,49155.663186,2026
IDELVION,"FACTOR IX RECOM,ALBUMIN FUSION",J7202,FACTOR IX IDELVION INJ,2025 (Q1-Q4),92.0,1447,73612105.51,800131.58163,50872.222191,2025
IDELVION,"FACTOR IX RECOM,ALBUMIN FUSION",J7202,FACTOR IX IDELVION INJ,2026 (Q1),67.0,319,16668322.61,248780.93448,52251.795016,2026
REBINYN,"FACTOR IX HUMAN REC,PEGYLATED",J7203,FACTOR IX RECOMB GLY REBINYN,2025 (Q1-Q4),19.0,94,4020603.6,211610.71579,42772.378723,2025
REBINYN,"FACTOR IX HUMAN REC,PEGYLATED",J7203,FACTOR IX RECOMB GLY REBINYN,2026 (Q1),600.5,22,1032358.97,605.10741214,46925.407727,2026
ESPEROCT,"FVIII REC,B-DOM TRUNC PEG-EXEI",J7204,INJ RECOMBIN ESPEROCT PER IU,2025 (Q1-Q4),11.0,145,3778695.77,343517.79727,26059.970828,2025
ESPEROCT,"FVIII REC,B-DOM TRUNC PEG-EXEI",J7204,INJ RECOMBIN ESPEROCT PER IU,2026 (Q1),600.5,25,454625.03,605.10741214,18185.0012,2026
ELOCTATE,"ANTIHEMOPH.FVIII REC,FC FUSION",J7205,FACTOR VIII FC FUSION RECOMB,2025 (Q1-Q4),65.0,413,15058983.73,231676.67277,36462.430339,2025
ELOCTATE,"ANTIHEMOPH.FVIII REC,FC FUSION",J7205,FACTOR VIII FC FUSION RECOMB,2026 (Q1),38.0,122,3716248.94,97796.024737,30461.056885,2026
ADYNOVATE,"ANTIHEMO.FVIII,FULL LENGTH PEG",J7207,FACTOR VIII PEGYLATED RECOMB,2025 (Q1-Q4),33.0,270,9110293.81,276069.50939,33741.828926,2025
ADYNOVATE,"ANTIHEMO.FVIII,FULL LENGTH PEG",J7207,FACTOR VIII PEGYLATED RECOMB,2026 (Q1),19.0,54,1869832.8,98412.252632,34626.533333,2026
JIVI,"FVIII REC,B-DOM DELET PEG-AUCL",J7208,INJ. JIVI 1 IU,2025 (Q1-Q4),29.0,328,12897930.28,444756.21655,39322.958171,2025
JIVI,"FVIII REC,B-DOM DELET PEG-AUCL",J7208,INJ. JIVI 1 IU,2026 (Q1),11.0,59,2557907.71,232537.06455,43354.367966,2026
NUWIQ,"ANTIHEMOPH.FVIII,HEK B-DELETE",J7209,FACTOR VIII NUWIQ RECOMB 1IU,2025 (Q1-Q4),67.0,615,21714019.47,324089.84284,35307.348732,2025
NUWIQ,"ANTIHEMOPH.FVIII,HEK B-DELETE",J7209,FACTOR VIII NUWIQ RECOMB 1IU,2026 (Q1),38.0,150,5042443.32,132695.87684,33616.2888,2026
AFSTYLA,"ANTIHEM.FVIII,SIN-CHN,B-DM TRU",J7210,"INJ, AFSTYLA, 1 I.U.",2025 (Q1-Q4),18.0,160,4765073.29,264726.29389,29781.708062,2025
AFSTYLA,"ANTIHEM.FVIII,SIN-CHN,B-DM TRU",J7210,"INJ, AFSTYLA, 1 I.U.",2026 (Q1),600.5,21,916877.17,605.10741214,43660.817619,2026
KOVALTRY,"ANTIHEMOPHIL.FVIII,FULL LENGTH",J7211,"INJ, KOVALTRY, 1 I.U.",2025 (Q1-Q4),92.0,582,15390595.56,167289.08217,26444.322268,2025
KOVALTRY,"ANTIHEMOPHIL.FVIII,FULL LENGTH",J7211,"INJ, KOVALTRY, 1 I.U.",2026 (Q1),53.0,142,3362371.55,63440.972642,23678.672887,2026
SEVENFACT,"COAGULATION VIIA,RECOMB-JNCW",J7212,FACTOR VIIA RECOMB SEVENFACT,2025 (Q1-Q4),600.5,336,28711552.63,605.10741214,85451.049494,2025
SEVENFACT,"COAGULATION VIIA,RECOMB-JNCW",J7212,FACTOR VIIA RECOMB SEVENFACT,2026 (Q1),600.5,87,7107326.21,605.10741214,81693.404713,2026
IXINITY,"FACTOR IX HUMAN RECOMB,THR 148",J7213,"INJ, IXINITY, 1 I.U.",2025 (Q1-Q4),600.5,52,1951999.24,605.10741214,37538.446923,2025
ALTUVIIIO,"FVIII REC,FC-VWF-XTEN,BDD-EHTL",J7214,ALTUVIIIO PER FACTOR VIII IU,2025 (Q1-Q4),254.0,2538,108404324.46,426788.67898,42712.499787,2025
ALTUVIIIO,"FVIII REC,FC-VWF-XTEN,BDD-EHTL",J7214,ALTUVIIIO PER FACTOR VIII IU,2026 (Q1),171.0,704,29237083.26,170977.09509,41529.947813,2026
LEVULAN,AMINOLEVULINIC ACID HCL,J7308,AMINOLEVULINIC ACID HCL TOP,2025 (Q1-Q4),69024.0,100608,43477291.62,629.88658467,432.14547173,2025
LEVULAN,AMINOLEVULINIC ACID HCL,J7308,AMINOLEVULINIC ACID HCL TOP,2026 (Q1),26552.0,31923,13554104.4,510.473953,424.58742599,2026
OZURDEX,DEXAMETHASONE,J7312,DEXAMETHASONE INTRA IMPLANT,2025 (Q1-Q4),13982.0,30517,45635769.43,3263.8942519,1495.4212219,2025
OZURDEX,DEXAMETHASONE,J7312,DEXAMETHASONE INTRA IMPLANT,2026 (Q1),6229.0,6823,10243531.49,1644.4905266,1501.3236831,2026
ILUVIEN,FLUOCINOLONE ACETONIDE,J7313,"INJ., ILUVIEN, 0.01 MG",2025 (Q1-Q4),1034.0,1168,11272381.91,10901.723317,9651.0119092,2025
ILUVIEN,FLUOCINOLONE ACETONIDE,J7313,"INJ., ILUVIEN, 0.01 MG",2026 (Q1),377.0,399,4020334.14,10664.016286,10076.025414,2026
YUTIQ,FLUOCINOLONE ACETONIDE,J7314,"INJ., YUTIQ, 0.01 MG",2025 (Q1-Q4),694.0,777,7619850.54,10979.611729,9806.7574517,2025
YUTIQ,FLUOCINOLONE ACETONIDE,J7314,"INJ., YUTIQ, 0.01 MG",2026 (Q1),24.0,24,263184.08,10966.003333,10966.003333,2026
DUROLANE,"HYALURONATE SODIUM, STABILIZED",J7318,"INJ, DUROLANE 1 MG",2025 (Q1-Q4),73155.0,87687,45233828.64,618.32859873,515.85558452,2025
DUROLANE,"HYALURONATE SODIUM, STABILIZED",J7318,"INJ, DUROLANE 1 MG",2026 (Q1),20526.0,20869,10441094.17,508.67651613,500.3159792,2026
GENVISC 850,HYALURONATE SODIUM,J7320,"GENVISC 850, INJ, 1MG",2025 (Q1-Q4),21427.0,120884,24966372.44,1165.1828273,206.53165382,2025
GENVISC 850,HYALURONATE SODIUM,J7320,"GENVISC 850, INJ, 1MG",2026 (Q1),8162.0,27330,4403059.75,539.45843543,161.10719905,2026
HYALGAN*,HYALURONATE SODIUM*,J7321,HYALGAN SUPARTZ VISCO-3 DOSE,2025 (Q1-Q4),51042.0,226831,21039127.1,412.19245131,92.752432868,2025
HYALGAN*,HYALURONATE SODIUM*,J7321,HYALGAN SUPARTZ VISCO-3 DOSE,2026 (Q1),16709.0,48959,4540212.38,271.72256748,92.734990094,2026
HYMOVIS ONE*,"HYALURONATE,MOD.,NON-CROSSLINK*",J7322,HYMOVIS INJECTION 1 MG,2025 (Q1-Q4),33729.0,79272,43324836.21,1284.4980939,546.53391122,2025
HYMOVIS ONE*,"HYALURONATE,MOD.,NON-CROSSLINK*",J7322,HYMOVIS INJECTION 1 MG,2026 (Q1),11074.0,19847,10909451.4,985.14099693,549.67760367,2026
EUFLEXXA,HYALURONATE SODIUM,J7323,EUFLEXXA INJ PER DOSE,2025 (Q1-Q4),82968.0,281340,45742841.53,551.33113405,162.58918579,2025
EUFLEXXA,HYALURONATE SODIUM,J7323,EUFLEXXA INJ PER DOSE,2026 (Q1),24762.0,60496,8700266.16,351.35555125,143.8155607,2026
ORTHOVISC,HYALURONATE SODIUM,J7324,ORTHOVISC INJ PER DOSE,2025 (Q1-Q4),47628.0,168149,24581396.99,516.11230768,146.18818423,2025
ORTHOVISC,HYALURONATE SODIUM,J7324,ORTHOVISC INJ PER DOSE,2026 (Q1),14711.0,37232,5558216.53,377.82724016,149.28600478,2026
SYNVISC-ONE*,HYLAN G-F 20*,J7325,SYNVISC OR SYNVISC-ONE,2025 (Q1-Q4),74004.0,115560,48604076.23,656.77633952,420.59602137,2025
SYNVISC-ONE*,HYLAN G-F 20*,J7325,SYNVISC OR SYNVISC-ONE,2026 (Q1),19614.0,24623,8990656.08,458.37952891,365.1324404,2026
GEL-ONE,"HYALURONATE SOD, CROSS-LINKED",J7326,GEL-ONE,2025 (Q1-Q4),62027.0,75064,52185890.7,841.34152385,695.21862277,2025
GEL-ONE,"HYALURONATE SOD, CROSS-LINKED",J7326,GEL-ONE,2026 (Q1),15990.0,16189,11176430.78,698.96377611,690.37190561,2026
MONOVISC,"HYALURONATE SODIUM, STABILIZED",J7327,MONOVISC INJ PER DOSE,2025 (Q1-Q4),75259.0,92759,73184447.65,972.43449488,788.97409039,2025
MONOVISC,"HYALURONATE SODIUM, STABILIZED",J7327,MONOVISC INJ PER DOSE,2026 (Q1),20044.0,20428,15251898.83,760.92091549,746.61733062,2026
GELSYN-3,HYALURONATE SODIUM,J7328,GELSYN-3 INJECTION 0.1 MG,2025 (Q1-Q4),16562.0,54459,7470725.38,451.07628185,137.18073009,2025
GELSYN-3,HYALURONATE SODIUM,J7328,GELSYN-3 INJECTION 0.1 MG,2026 (Q1),6658.0,16416,2428503.01,364.74962601,147.93512488,2026
TRIVISC,HYALURONATE SODIUM,J7329,"INJ, TRIVISC 1 MG",2025 (Q1-Q4),22481.0,73923,13514092.13,601.13394111,182.81309105,2025
